split,basename,comp_id,img_path,mask_path,mask_source,patch_path,x,y,w,h,area,cx,cy,nx,ny,nw,nh,orientation
train,10273,1,data/train/img\10273.png,data/train/img\10273_GT.png,gt,patches\train\1\10273_1.png,84,0,62,176,7664,114,92,0.495652174,0.143525741,0.269565217,0.274570983,0.352272727
train,11549,1,data/train/img\11549.png,data/train/img\11549_GT.png,gt,patches\train\1\11549_1.png,61,337,36,84,1853,82,384,0.37962963,0.605678233,0.166666667,0.132492114,0.428571429
train,11549,2,data/train/img\11549.png,data/train/img\11549_GT.png,gt,patches\train\1\11549_2.png,0,527,23,107,2032,9,585,0.041666667,0.922712934,0.106481481,0.168769716,0.214953271
train,11755,1,data/train/img\11755.png,data/train/img\11755_GT.png,gt,patches\train\1\11755_1.png,12,325,82,34,2116,51,339,0.21888412,0.531347962,0.35193133,0.053291536,2.411764706
train,11899,1,data/train/img\11899.png,data/train/img\11899_GT.png,gt,patches\train\1\11899_1.png,0,234,80,132,6170,27,304,0.118942731,0.481012658,0.352422907,0.208860759,0.606060606
train,10135,1,data/train/img\10135.png,data/train/img\10135_GT.png,gt,patches\train\1\10135_1.png,5,53,75,108,4259,46,102,0.2,0.157894737,0.326086957,0.167182663,0.694444444
train,10244,1,data/train/img\10244.png,data/train/img\10244_GT.png,gt,patches\train\1\10244_1.png,123,578,47,64,1961,144,615,0.623376623,0.957943925,0.203463203,0.099688474,0.734375
train,11775,1,data/train/img\11775.png,data/train/img\11775_GT.png,gt,patches\train\1\11775_1.png,157,272,72,66,3138,184,303,0.80349345,0.478672986,0.31441048,0.104265403,1.090909091
train,10952,1,data/train/img\10952.png,data/train/img\10952_GT.png,gt,patches\train\1\10952_1.png,0,452,202,138,16234,99,520,0.434210526,0.808709176,0.885964912,0.214618974,1.463768116
train,10707,1,data/train/img\10707.png,data/train/img\10707_GT.png,gt,patches\train\1\10707_1.png,0,224,33,38,971,14,243,0.060085837,0.38028169,0.141630901,0.059467919,0.868421053
train,10309,1,data/train/img\10309.png,data/train/img\10309_GT.png,gt,patches\train\1\10309_1.png,2,152,225,248,45024,117,281,0.515418502,0.442519685,0.991189427,0.390551181,0.907258065
train,11658,1,data/train/img\11658.png,data/train/img\11658_GT.png,gt,patches\train\1\11658_1.png,199,331,29,17,368,215,337,0.942982456,0.528213166,0.127192982,0.026645768,1.705882353
train,10344,1,data/train/img\10344.png,data/train/img\10344_GT.png,gt,patches\train\1\10344_1.png,29,1,43,50,1668,50,23,0.217391304,0.036277603,0.186956522,0.078864353,0.86
train,10426,1,data/train/img\10426.png,data/train/img\10426_GT.png,gt,patches\train\1\10426_1.png,64,412,53,51,1947,89,435,0.388646288,0.6796875,0.231441048,0.0796875,1.039215686
train,10354,1,data/train/img\10354.png,data/train/img\10354_GT.png,gt,patches\train\1\10354_1.png,38,575,64,53,2082,65,608,0.288888889,0.968152866,0.284444444,0.084394904,1.20754717
train,11444,1,data/train/img\11444.png,data/train/img\11444_GT.png,gt,patches\train\1\11444_1.png,31,20,39,29,827,51,34,0.217021277,0.052550232,0.165957447,0.044822257,1.344827586
train,11444,2,data/train/img\11444.png,data/train/img\11444_GT.png,gt,patches\train\1\11444_2.png,24,199,26,43,878,35,221,0.14893617,0.341576507,0.110638298,0.066460587,0.604651163
train,11444,3,data/train/img\11444.png,data/train/img\11444_GT.png,gt,patches\train\1\11444_3.png,15,394,45,50,1392,38,417,0.161702128,0.644513138,0.191489362,0.077279753,0.9
train,10402,1,data/train/img\10402.png,data/train/img\10402_GT.png,gt,patches\train\1\10402_1.png,136,297,73,38,1567,171,319,0.75,0.497659906,0.320175439,0.059282371,1.921052632
train,11920,1,data/train/img\11920.png,data/train/img\11920_GT.png,gt,patches\train\1\11920_1.png,0,353,34,26,736,14,364,0.060606061,0.571428571,0.147186147,0.040816327,1.307692308
train,11601,1,data/train/img\11601.png,data/train/img\11601_GT.png,gt,patches\train\1\11601_1.png,154,269,71,81,4026,187,311,0.802575107,0.483670295,0.30472103,0.125972006,0.87654321
train,11957,1,data/train/img\11957.png,data/train/img\11957_GT.png,gt,patches\train\1\11957_1.png,193,0,33,61,1432,212,24,0.938053097,0.037441498,0.146017699,0.095163807,0.540983607
train,10021,1,data/train/img\10021.png,data/train/img\10021_GT.png,gt,patches\train\1\10021_1.png,0,0,70,100,3874,30,38,0.131578947,0.058551618,0.307017544,0.154083205,0.7
train,10478,1,data/train/img\10478.png,data/train/img\10478_GT.png,gt,patches\train\1\10478_1.png,120,493,109,103,9355,177,543,0.772925764,0.853773585,0.475982533,0.161949686,1.058252427
train,10638,1,data/train/img\10638.png,data/train/img\10638_GT.png,gt,patches\train\1\10638_1.png,0,449,106,197,9786,40,550,0.208333333,0.851393189,0.552083333,0.30495356,0.538071066
train,10612,1,data/train/img\10612.png,data/train/img\10612_GT.png,gt,patches\train\1\10612_1.png,143,299,61,76,1906,177,338,0.808219178,0.533965245,0.278538813,0.120063191,0.802631579
train,10516,1,data/train/img\10516.png,data/train/img\10516_GT.png,gt,patches\train\1\10516_1.png,0,15,130,95,9294,61,57,0.262931034,0.090047393,0.560344828,0.150078989,1.368421053
train,11269,1,data/train/img\11269.png,data/train/img\11269_GT.png,gt,patches\train\1\11269_1.png,55,227,24,17,310,66,234,0.279661017,0.364485981,0.101694915,0.026479751,1.411764706
train,11250,1,data/train/img\11250.png,data/train/img\11250_GT.png,gt,patches\train\1\11250_1.png,115,388,117,63,3105,172,412,0.74137931,0.64678179,0.504310345,0.098901099,1.857142857
train,10677,1,data/train/img\10677.png,data/train/img\10677_GT.png,gt,patches\train\1\10677_1.png,195,614,16,15,154,203,620,0.863829787,0.970266041,0.068085106,0.023474178,1.066666667
train,12233,1,data/train/img\12233.png,data/train/img\12233_GT.png,gt,patches\train\1\12233_1.png,59,218,170,94,8147,145,264,0.633187773,0.4224,0.742358079,0.1504,1.808510638
train,11969,1,data/train/img\11969.png,data/train/img\11969_GT.png,gt,patches\train\1\11969_1.png,155,478,26,52,1023,167,504,0.735682819,0.811594203,0.114537445,0.08373591,0.5
train,11770,1,data/train/img\11770.png,data/train/img\11770_GT.png,gt,patches\train\1\11770_1.png,0,440,104,192,9387,35,573,0.15625,0.90664557,0.464285714,0.303797468,0.541666667
train,10569,1,data/train/img\10569.png,data/train/img\10569_GT.png,gt,patches\train\1\10569_1.png,0,485,127,157,9842,59,566,0.257641921,0.881619938,0.554585153,0.244548287,0.808917197
train,11851,1,data/train/img\11851.png,data/train/img\11851_GT.png,gt,patches\train\1\11851_1.png,75,541,34,103,3120,90,596,0.387931034,0.925465839,0.146551724,0.159937888,0.330097087
train,12301,1,data/train/img\12301.png,data/train/img\12301_GT.png,gt,patches\train\1\12301_1.png,125,0,104,65,4171,182,25,0.794759825,0.039184953,0.454148472,0.101880878,1.6
train,11641,1,data/train/img\11641.png,data/train/img\11641_GT.png,gt,patches\train\1\11641_1.png,10,137,33,26,556,26,149,0.112554113,0.234645669,0.142857143,0.040944882,1.269230769
train,11641,2,data/train/img\11641.png,data/train/img\11641_GT.png,gt,patches\train\1\11641_2.png,35,152,43,30,883,56,166,0.242424242,0.261417323,0.186147186,0.047244094,1.433333333
train,11870,1,data/train/img\11870.png,data/train/img\11870_GT.png,gt,patches\train\1\11870_1.png,8,0,44,158,4641,32,69,0.139130435,0.107476636,0.191304348,0.246105919,0.278481013
train,10905,1,data/train/img\10905.png,data/train/img\10905_GT.png,gt,patches\train\1\10905_1.png,43,261,111,36,2557,96,278,0.421052632,0.437106918,0.486842105,0.056603774,3.083333333
train,11912,1,data/train/img\11912.png,data/train/img\11912_GT.png,gt,patches\train\1\11912_1.png,199,430,18,18,208,207,438,0.9,0.68976378,0.07826087,0.028346457,1
train,10258,1,data/train/img\10258.png,data/train/img\10258_GT.png,gt,patches\train\1\10258_1.png,18,288,181,95,9591,104,338,0.452173913,0.528125,0.786956522,0.1484375,1.905263158
train,12071,1,data/train/img\12071.png,data/train/img\12071_GT.png,gt,patches\train\1\12071_1.png,25,0,189,294,33935,111,163,0.480519481,0.257097792,0.818181818,0.463722397,0.642857143
train,10421,1,data/train/img\10421.png,data/train/img\10421_GT.png,gt,patches\train\1\10421_1.png,0,344,230,85,4564,99,389,0.430434783,0.606864275,1,0.132605304,2.705882353
train,12070,1,data/train/img\12070.png,data/train/img\12070_GT.png,gt,patches\train\1\12070_1.png,140,309,86,24,1516,181,319,0.786956522,0.4984375,0.373913043,0.0375,3.583333333
train,11986,1,data/train/img\11986.png,data/train/img\11986_GT.png,gt,patches\train\1\11986_1.png,76,305,80,23,1177,111,314,0.482608696,0.493710692,0.347826087,0.036163522,3.47826087
train,10583,1,data/train/img\10583.png,data/train/img\10583_GT.png,gt,patches\train\1\10583_1.png,124,266,30,54,794,138,293,0.58974359,0.454263566,0.128205128,0.08372093,0.555555556
train,10583,2,data/train/img\10583.png,data/train/img\10583_GT.png,gt,patches\train\1\10583_2.png,154,336,11,17,141,159,343,0.679487179,0.531782946,0.047008547,0.026356589,0.647058824
train,12131,1,data/train/img\12131.png,data/train/img\12131_GT.png,gt,patches\train\1\12131_1.png,145,481,56,67,2711,173,511,0.752173913,0.832247557,0.243478261,0.109120521,0.835820896
train,11214,1,data/train/img\11214.png,data/train/img\11214_GT.png,gt,patches\train\1\11214_1.png,0,169,231,248,19344,146,323,0.632034632,0.507064364,1,0.389324961,0.931451613
train,10659,1,data/train/img\10659.png,data/train/img\10659_GT.png,gt,patches\train\1\10659_1.png,164,597,58,32,1325,191,612,0.856502242,0.972972973,0.260089686,0.050874404,1.8125
train,11388,1,data/train/img\11388.png,data/train/img\11388_GT.png,gt,patches\train\1\11388_1.png,110,248,102,42,2924,162,266,0.692307692,0.420221169,0.435897436,0.066350711,2.428571429
train,11927,1,data/train/img\11927.png,data/train/img\11927_GT.png,gt,patches\train\1\11927_1.png,125,292,59,21,973,152,302,0.663755459,0.473354232,0.257641921,0.032915361,2.80952381
train,11590,1,data/train/img\11590.png,data/train/img\11590_GT.png,gt,patches\train\1\11590_1.png,0,0,168,96,6677,75,32,0.330396476,0.049766719,0.740088106,0.149300156,1.75
train,10047,1,data/train/img\10047.png,data/train/img\10047_GT.png,gt,patches\train\1\10047_1.png,0,427,191,210,21032,92,543,0.398268398,0.852433281,0.826839827,0.32967033,0.90952381
train,11458,1,data/train/img\11458.png,data/train/img\11458_GT.png,gt,patches\train\1\11458_1.png,139,337,36,26,720,155,350,0.685840708,0.551181102,0.159292035,0.040944882,1.384615385
train,10849,1,data/train/img\10849.png,data/train/img\10849_GT.png,gt,patches\train\1\10849_1.png,0,140,24,95,1661,8,186,0.034632035,0.293838863,0.103896104,0.150078989,0.252631579
train,10849,2,data/train/img\10849.png,data/train/img\10849_GT.png,gt,patches\train\1\10849_2.png,187,198,44,62,1566,212,234,0.917748918,0.369668246,0.19047619,0.097946288,0.709677419
train,10711,1,data/train/img\10711.png,data/train/img\10711_GT.png,gt,patches\train\1\10711_1.png,105,418,22,21,296,115,428,0.493562232,0.680445151,0.094420601,0.033386328,1.047619048
train,10557,1,data/train/img\10557.png,data/train/img\10557_GT.png,gt,patches\train\1\10557_1.png,136,505,48,63,1858,160,537,0.711111111,0.845669291,0.213333333,0.099212598,0.761904762
train,11430,1,data/train/img\11430.png,data/train/img\11430_GT.png,gt,patches\train\1\11430_1.png,58,237,103,71,4762,101,273,0.439130435,0.434022258,0.447826087,0.112877583,1.450704225
train,11612,1,data/train/img\11612.png,data/train/img\11612_GT.png,gt,patches\train\1\11612_1.png,100,27,129,429,12340,156,247,0.681222707,0.3859375,0.563318777,0.6703125,0.300699301
train,10159,1,data/train/img\10159.png,data/train/img\10159_GT.png,gt,patches\train\1\10159_1.png,19,74,115,272,7533,63,212,0.27510917,0.328173375,0.502183406,0.421052632,0.422794118
train,11543,1,data/train/img\11543.png,data/train/img\11543_GT.png,gt,patches\train\1\11543_1.png,10,0,60,78,3717,42,34,0.182608696,0.053968254,0.260869565,0.123809524,0.769230769
train,12191,1,data/train/img\12191.png,data/train/img\12191_GT.png,gt,patches\train\1\12191_1.png,10,303,31,75,1982,24,340,0.104347826,0.528771384,0.134782609,0.116640747,0.413333333
train,11512,1,data/train/img\11512.png,data/train/img\11512_GT.png,gt,patches\train\1\11512_1.png,9,175,18,29,342,17,187,0.074235808,0.291277259,0.07860262,0.04517134,0.620689655
train,10383,1,data/train/img\10383.png,data/train/img\10383_GT.png,gt,patches\train\1\10383_1.png,80,235,66,87,2528,111,274,0.51627907,0.43081761,0.306976744,0.136792453,0.75862069
train,11040,1,data/train/img\11040.png,data/train/img\11040_GT.png,gt,patches\train\1\11040_1.png,68,596,40,37,1005,85,617,0.367965368,0.974723539,0.173160173,0.058451817,1.081081081
train,11584,1,data/train/img\11584.png,data/train/img\11584_GT.png,gt,patches\train\1\11584_1.png,82,339,119,104,7453,139,392,0.609649123,0.613458529,0.521929825,0.162754304,1.144230769
train,10874,1,data/train/img\10874.png,data/train/img\10874_GT.png,gt,patches\train\1\10874_1.png,59,289,20,15,209,68,295,0.296943231,0.462382445,0.087336245,0.023510972,1.333333333
train,10845,1,data/train/img\10845.png,data/train/img\10845_GT.png,gt,patches\train\1\10845_1.png,85,165,139,36,2984,151,183,0.653679654,0.288188976,0.601731602,0.056692913,3.861111111
train,10602,1,data/train/img\10602.png,data/train/img\10602_GT.png,gt,patches\train\1\10602_1.png,0,333,67,40,1859,33,353,0.144104803,0.548136646,0.292576419,0.062111801,1.675
train,11884,1,data/train/img\11884.png,data/train/img\11884_GT.png,gt,patches\train\1\11884_1.png,6,159,50,48,1889,29,183,0.125541126,0.289099526,0.216450216,0.075829384,1.041666667
train,10352,1,data/train/img\10352.png,data/train/img\10352_GT.png,gt,patches\train\1\10352_1.png,0,255,56,41,1643,23,273,0.0995671,0.430599369,0.242424242,0.06466877,1.365853659
train,10352,2,data/train/img\10352.png,data/train/img\10352_GT.png,gt,patches\train\1\10352_2.png,116,265,73,33,1622,154,281,0.666666667,0.443217666,0.316017316,0.052050473,2.212121212
train,11002,1,data/train/img\11002.png,data/train/img\11002_GT.png,gt,patches\train\1\11002_1.png,46,300,98,44,3078,92,321,0.405286344,0.504716981,0.431718062,0.06918239,2.227272727
train,10382,1,data/train/img\10382.png,data/train/img\10382_GT.png,gt,patches\train\1\10382_1.png,86,148,145,131,14277,160,211,0.692640693,0.332283465,0.627705628,0.206299213,1.106870229
train,10506,1,data/train/img\10506.png,data/train/img\10506_GT.png,gt,patches\train\1\10506_1.png,48,336,82,31,1485,80,351,0.346320346,0.544186047,0.354978355,0.048062016,2.64516129
train,11568,1,data/train/img\11568.png,data/train/img\11568_GT.png,gt,patches\train\1\11568_1.png,98,230,132,31,1787,161,243,0.7,0.3796875,0.573913043,0.0484375,4.258064516
train,11874,1,data/train/img\11874.png,data/train/img\11874_GT.png,gt,patches\train\1\11874_1.png,0,0,115,272,26141,51,137,0.222707424,0.217806041,0.502183406,0.432432432,0.422794118
train,11242,1,data/train/img\11242.png,data/train/img\11242_GT.png,gt,patches\train\1\11242_1.png,49,514,108,59,4500,97,539,0.425438596,0.833075734,0.473684211,0.091190108,1.830508475
train,10367,1,data/train/img\10367.png,data/train/img\10367_GT.png,gt,patches\train\1\10367_1.png,170,285,62,21,951,200,293,0.858369099,0.46581876,0.266094421,0.033386328,2.952380952
train,10678,1,data/train/img\10678.png,data/train/img\10678_GT.png,gt,patches\train\1\10678_1.png,42,129,60,71,3185,71,165,0.321266968,0.261904762,0.271493213,0.112698413,0.845070423
train,10301,1,data/train/img\10301.png,data/train/img\10301_GT.png,gt,patches\train\1\10301_1.png,99,580,125,65,5631,170,618,0.729613734,0.958139535,0.536480687,0.100775194,1.923076923
train,10536,1,data/train/img\10536.png,data/train/img\10536_GT.png,gt,patches\train\1\10536_1.png,0,0,74,119,5523,30,54,0.131578947,0.083981337,0.324561404,0.185069984,0.621848739
train,11386,1,data/train/img\11386.png,data/train/img\11386_GT.png,gt,patches\train\1\11386_1.png,203,55,23,102,1190,218,114,0.96460177,0.181528662,0.101769912,0.162420382,0.225490196
train,11836,1,data/train/img\11836.png,data/train/img\11836_GT.png,gt,patches\train\1\11836_1.png,8,586,48,51,2156,31,613,0.135371179,0.962323391,0.209606987,0.080062794,0.941176471
train,11804,1,data/train/img\11804.png,data/train/img\11804_GT.png,gt,patches\train\1\11804_1.png,116,34,74,80,4482,155,71,0.691964286,0.111285266,0.330357143,0.12539185,0.925
train,11363,1,data/train/img\11363.png,data/train/img\11363_GT.png,gt,patches\train\1\11363_1.png,39,504,45,48,937,63,527,0.272727273,0.8432,0.194805195,0.0768,0.9375
train,11363,2,data/train/img\11363.png,data/train/img\11363_GT.png,gt,patches\train\1\11363_2.png,3,559,21,32,446,14,576,0.060606061,0.9216,0.090909091,0.0512,0.65625
train,10201,1,data/train/img\10201.png,data/train/img\10201_GT.png,gt,patches\train\1\10201_1.png,0,259,127,163,10032,61,331,0.266375546,0.51799687,0.554585153,0.255086072,0.779141104
train,10647,1,data/train/img\10647.png,data/train/img\10647_GT.png,gt,patches\train\1\10647_1.png,33,381,48,45,1118,58,403,0.251082251,0.631661442,0.207792208,0.070532915,1.066666667
train,10743,1,data/train/img\10743.png,data/train/img\10743_GT.png,gt,patches\train\1\10743_1.png,95,0,114,88,4639,153,44,0.665217391,0.069620253,0.495652174,0.139240506,1.295454545
train,12105,1,data/train/img\12105.png,data/train/img\12105_GT.png,gt,patches\train\1\12105_1.png,149,309,81,45,2238,191,333,0.830434783,0.543230016,0.352173913,0.073409462,1.8
train,11101,1,data/train/img\11101.png,data/train/img\11101_GT.png,gt,patches\train\1\11101_1.png,7,0,122,179,14317,71,81,0.310043668,0.127760252,0.532751092,0.282334385,0.681564246
train,10774,1,data/train/img\10774.png,data/train/img\10774_GT.png,gt,patches\train\1\10774_1.png,75,149,61,33,1550,103,165,0.442060086,0.25862069,0.261802575,0.051724138,1.848484848
train,11642,1,data/train/img\11642.png,data/train/img\11642_GT.png,gt,patches\train\1\11642_1.png,57,0,119,148,10776,113,72,0.484978541,0.112852665,0.510729614,0.231974922,0.804054054
train,10797,1,data/train/img\10797.png,data/train/img\10797_GT.png,gt,patches\train\1\10797_1.png,154,318,66,133,6162,191,384,0.868181818,0.607594937,0.3,0.210443038,0.496240602
train,10727,1,data/train/img\10727.png,data/train/img\10727_GT.png,gt,patches\train\1\10727_1.png,192,29,29,38,613,207,46,0.892241379,0.071875,0.125,0.059375,0.763157895
train,12141,1,data/train/img\12141.png,data/train/img\12141_GT.png,gt,patches\train\1\12141_1.png,10,397,17,62,870,17,425,0.078341014,0.685483871,0.078341014,0.1,0.274193548
train,11713,1,data/train/img\11713.png,data/train/img\11713_GT.png,gt,patches\train\1\11713_1.png,0,350,63,51,2617,30,377,0.131004367,0.591836735,0.27510917,0.080062794,1.235294118
train,10045,1,data/train/img\10045.png,data/train/img\10045_GT.png,gt,patches\train\1\10045_1.png,180,532,12,11,80,185,536,0.876777251,0.840125392,0.056872038,0.017241379,1.090909091
train,12081,1,data/train/img\12081.png,data/train/img\12081_GT.png,gt,patches\train\1\12081_1.png,146,165,60,54,2363,174,189,0.756521739,0.300955414,0.260869565,0.085987261,1.111111111
train,11299,1,data/train/img\11299.png,data/train/img\11299_GT.png,gt,patches\train\1\11299_1.png,89,162,58,79,3318,118,200,0.510822511,0.3125,0.251082251,0.1234375,0.734177215
train,10869,1,data/train/img\10869.png,data/train/img\10869_GT.png,gt,patches\train\1\10869_1.png,10,524,201,88,6437,110,570,0.47826087,0.886469673,0.873913043,0.136858476,2.284090909
train,11905,1,data/train/img\11905.png,data/train/img\11905_GT.png,gt,patches\train\1\11905_1.png,0,0,59,117,4787,26,52,0.114035088,0.082670906,0.25877193,0.186009539,0.504273504
train,11905,2,data/train/img\11905.png,data/train/img\11905_GT.png,gt,patches\train\1\11905_2.png,0,268,25,33,590,9,285,0.039473684,0.453100159,0.109649123,0.052464229,0.757575758
train,11432,1,data/train/img\11432.png,data/train/img\11432_GT.png,gt,patches\train\1\11432_1.png,118,276,44,84,2612,137,315,0.593073593,0.4921875,0.19047619,0.13125,0.523809524
train,11094,1,data/train/img\11094.png,data/train/img\11094_GT.png,gt,patches\train\1\11094_1.png,126,533,57,38,1521,155,552,0.676855895,0.866562009,0.248908297,0.059654631,1.5
train,11228,1,data/train/img\11228.png,data/train/img\11228_GT.png,gt,patches\train\1\11228_1.png,0,245,80,109,6844,37,299,0.159482759,0.467918623,0.344827586,0.17057903,0.733944954
train,11585,1,data/train/img\11585.png,data/train/img\11585_GT.png,gt,patches\train\1\11585_1.png,92,526,132,55,4480,160,550,0.714285714,0.87163233,0.589285714,0.087163233,2.4
train,11616,1,data/train/img\11616.png,data/train/img\11616_GT.png,gt,patches\train\1\11616_1.png,0,209,40,51,1356,18,229,0.077586207,0.35725429,0.172413793,0.079563183,0.784313725
train,10499,1,data/train/img\10499.png,data/train/img\10499_GT.png,gt,patches\train\1\10499_1.png,0,529,40,119,3264,17,586,0.077981651,0.904320988,0.183486239,0.183641975,0.336134454
train,10672,1,data/train/img\10672.png,data/train/img\10672_GT.png,gt,patches\train\1\10672_1.png,82,480,63,105,4373,107,541,0.449579832,0.853312303,0.264705882,0.165615142,0.6
train,12056,1,data/train/img\12056.png,data/train/img\12056_GT.png,gt,patches\train\1\12056_1.png,0,0,143,162,13576,69,79,0.3,0.12248062,0.62173913,0.251162791,0.882716049
train,10206,1,data/train/img\10206.png,data/train/img\10206_GT.png,gt,patches\train\1\10206_1.png,11,0,80,264,9359,41,142,0.177489177,0.221528861,0.346320346,0.411856474,0.303030303
train,12237,1,data/train/img\12237.png,data/train/img\12237_GT.png,gt,patches\train\1\12237_1.png,0,252,98,141,10577,43,320,0.185344828,0.501567398,0.422413793,0.221003135,0.695035461
train,12237,2,data/train/img\12237.png,data/train/img\12237_GT.png,gt,patches\train\1\12237_2.png,182,295,50,38,1100,209,309,0.900862069,0.484326019,0.215517241,0.059561129,1.315789474
train,10423,1,data/train/img\10423.png,data/train/img\10423_GT.png,gt,patches\train\1\10423_1.png,82,328,52,51,2129,108,353,0.467532468,0.5515625,0.225108225,0.0796875,1.019607843
train,10423,2,data/train/img\10423.png,data/train/img\10423_GT.png,gt,patches\train\1\10423_2.png,148,372,35,62,1637,163,406,0.705627706,0.634375,0.151515152,0.096875,0.564516129
train,11808,1,data/train/img\11808.png,data/train/img\11808_GT.png,gt,patches\train\1\11808_1.png,52,0,129,128,5888,116,54,0.591836735,0.08477237,0.658163265,0.200941915,1.0078125
train,10254,1,data/train/img\10254.png,data/train/img\10254_GT.png,gt,patches\train\1\10254_1.png,21,329,50,67,1812,44,362,0.192982456,0.568288854,0.219298246,0.105180534,0.746268657
train,11088,1,data/train/img\11088.png,data/train/img\11088_GT.png,gt,patches\train\1\11088_1.png,0,93,137,160,8100,63,168,0.266949153,0.263736264,0.580508475,0.251177394,0.85625
train,10637,1,data/train/img\10637.png,data/train/img\10637_GT.png,gt,patches\train\1\10637_1.png,74,91,76,40,1916,114,109,0.497816594,0.1711146,0.331877729,0.062794349,1.9
train,10654,1,data/train/img\10654.png,data/train/img\10654_GT.png,gt,patches\train\1\10654_1.png,8,291,127,39,3149,63,309,0.270386266,0.485849057,0.545064378,0.061320755,3.256410256
train,11500,1,data/train/img\11500.png,data/train/img\11500_GT.png,gt,patches\train\1\11500_1.png,10,200,117,115,6465,71,262,0.314159292,0.415873016,0.517699115,0.182539683,1.017391304
train,12201,1,data/train/img\12201.png,data/train/img\12201_GT.png,gt,patches\train\1\12201_1.png,8,311,113,48,3917,66,337,0.286956522,0.5340729,0.491304348,0.076069731,2.354166667
train,12287,1,data/train/img\12287.png,data/train/img\12287_GT.png,gt,patches\train\1\12287_1.png,47,169,68,72,3195,76,202,0.329004329,0.319115324,0.294372294,0.113744076,0.944444444
train,11573,1,data/train/img\11573.png,data/train/img\11573_GT.png,gt,patches\train\1\11573_1.png,66,299,113,49,4439,122,321,0.52360515,0.5,0.484978541,0.076323988,2.306122449
train,12244,1,data/train/img\12244.png,data/train/img\12244_GT.png,gt,patches\train\1\12244_1.png,138,0,79,35,1679,173,12,0.755458515,0.019354839,0.344978166,0.056451613,2.257142857
train,10312,1,data/train/img\10312.png,data/train/img\10312_GT.png,gt,patches\train\1\10312_1.png,54,482,87,38,1924,95,501,0.411255411,0.784037559,0.376623377,0.059467919,2.289473684
train,10312,2,data/train/img\10312.png,data/train/img\10312_GT.png,gt,patches\train\1\10312_2.png,144,490,75,105,6066,182,543,0.787878788,0.849765258,0.324675325,0.164319249,0.714285714
train,11398,1,data/train/img\11398.png,data/train/img\11398_GT.png,gt,patches\train\1\11398_1.png,133,237,92,123,7725,187,298,0.831111111,0.460587326,0.408888889,0.190108192,0.74796748
train,12255,1,data/train/img\12255.png,data/train/img\12255_GT.png,gt,patches\train\1\12255_1.png,0,34,25,83,1476,9,71,0.039130435,0.11525974,0.108695652,0.13474026,0.301204819
train,12041,1,data/train/img\12041.png,data/train/img\12041_GT.png,gt,patches\train\1\12041_1.png,199,169,25,33,531,212,182,0.925764192,0.288431062,0.109170306,0.05229794,0.757575758
train,10223,1,data/train/img\10223.png,data/train/img\10223_GT.png,gt,patches\train\1\10223_1.png,27,235,132,109,2383,90,291,0.38961039,0.449074074,0.571428571,0.168209877,1.211009174
train,12008,1,data/train/img\12008.png,data/train/img\12008_GT.png,gt,patches\train\1\12008_1.png,0,349,94,154,8970,46,417,0.196581197,0.650546022,0.401709402,0.24024961,0.61038961
train,11052,1,data/train/img\11052.png,data/train/img\11052_GT.png,gt,patches\train\1\11052_1.png,0,0,58,55,2078,28,27,0.124444444,0.042993631,0.257777778,0.087579618,1.054545455
train,11052,2,data/train/img\11052.png,data/train/img\11052_GT.png,gt,patches\train\1\11052_2.png,0,62,34,83,1994,14,104,0.062222222,0.165605096,0.151111111,0.132165605,0.409638554
train,10145,1,data/train/img\10145.png,data/train/img\10145_GT.png,gt,patches\train\1\10145_1.png,42,529,41,51,1412,61,551,0.265217391,0.866352201,0.17826087,0.080188679,0.803921569
train,11669,1,data/train/img\11669.png,data/train/img\11669_GT.png,gt,patches\train\1\11669_1.png,95,516,82,128,2949,141,579,0.605150215,0.894899536,0.35193133,0.197836167,0.640625
train,11135,1,data/train/img\11135.png,data/train/img\11135_GT.png,gt,patches\train\1\11135_1.png,0,221,36,97,1908,10,276,0.043668122,0.439490446,0.15720524,0.154458599,0.371134021
train,12274,1,data/train/img\12274.png,data/train/img\12274_GT.png,gt,patches\train\1\12274_1.png,36,486,69,61,1182,70,519,0.304347826,0.825119237,0.3,0.096979332,1.131147541
train,10157,1,data/train/img\10157.png,data/train/img\10157_GT.png,gt,patches\train\1\10157_1.png,0,0,65,153,7905,31,64,0.134199134,0.098613251,0.281385281,0.235747304,0.424836601
train,10337,1,data/train/img\10337.png,data/train/img\10337_GT.png,gt,patches\train\1\10337_1.png,3,355,31,103,2252,16,404,0.069565217,0.62345679,0.134782609,0.158950617,0.300970874
train,11800,1,data/train/img\11800.png,data/train/img\11800_GT.png,gt,patches\train\1\11800_1.png,0,0,37,168,4003,13,67,0.060185185,0.107028754,0.171296296,0.268370607,0.220238095
train,12303,1,data/train/img\12303.png,data/train/img\12303_GT.png,gt,patches\train\1\12303_1.png,0,59,142,150,14150,67,136,0.288793103,0.2125,0.612068966,0.234375,0.946666667
train,11477,1,data/train/img\11477.png,data/train/img\11477_GT.png,gt,patches\train\1\11477_1.png,124,301,106,46,3163,179,324,0.77826087,0.504672897,0.460869565,0.07165109,2.304347826
train,10661,1,data/train/img\10661.png,data/train/img\10661_GT.png,gt,patches\train\1\10661_1.png,29,323,118,46,3863,86,344,0.369098712,0.551282051,0.506437768,0.073717949,2.565217391
train,11282,1,data/train/img\11282.png,data/train/img\11282_GT.png,gt,patches\train\1\11282_1.png,94,234,52,63,2114,119,265,0.521929825,0.420634921,0.228070175,0.1,0.825396825
train,10900,1,data/train/img\10900.png,data/train/img\10900_GT.png,gt,patches\train\1\10900_1.png,100,0,39,53,1255,123,21,0.516806723,0.03271028,0.163865546,0.082554517,0.735849057
train,11956,1,data/train/img\11956.png,data/train/img\11956_GT.png,gt,patches\train\1\11956_1.png,171,58,41,79,2412,190,96,0.822510823,0.149765991,0.177489177,0.12324493,0.518987342
train,11956,2,data/train/img\11956.png,data/train/img\11956_GT.png,gt,patches\train\1\11956_2.png,81,291,31,18,372,96,299,0.415584416,0.466458658,0.134199134,0.028081123,1.722222222
train,10648,1,data/train/img\10648.png,data/train/img\10648_GT.png,gt,patches\train\1\10648_1.png,186,191,34,28,431,203,204,0.890350877,0.319749216,0.149122807,0.043887147,1.214285714
train,10502,1,data/train/img\10502.png,data/train/img\10502_GT.png,gt,patches\train\1\10502_1.png,63,21,20,28,419,72,35,0.315789474,0.054263566,0.087719298,0.043410853,0.714285714
train,10414,1,data/train/img\10414.png,data/train/img\10414_GT.png,gt,patches\train\1\10414_1.png,27,333,129,84,5173,92,375,0.414414414,0.595238095,0.581081081,0.133333333,1.535714286
train,10057,1,data/train/img\10057.png,data/train/img\10057_GT.png,gt,patches\train\1\10057_1.png,54,352,48,67,2200,75,381,0.326086957,0.5953125,0.208695652,0.1046875,0.71641791
train,11506,1,data/train/img\11506.png,data/train/img\11506_GT.png,gt,patches\train\1\11506_1.png,179,0,47,29,1069,202,11,0.89380531,0.017350158,0.207964602,0.045741325,1.620689655
train,10306,1,data/train/img\10306.png,data/train/img\10306_GT.png,gt,patches\train\1\10306_1.png,0,367,121,245,16037,72,484,0.311688312,0.775641026,0.523809524,0.392628205,0.493877551
train,10235,1,data/train/img\10235.png,data/train/img\10235_GT.png,gt,patches\train\1\10235_1.png,76,321,153,243,31143,158,447,0.689956332,0.706161137,0.668122271,0.383886256,0.62962963
train,12315,1,data/train/img\12315.png,data/train/img\12315_GT.png,gt,patches\train\1\12315_1.png,108,120,78,124,4628,147,180,0.641921397,0.28526149,0.340611354,0.196513471,0.629032258
train,10487,1,data/train/img\10487.png,data/train/img\10487_GT.png,gt,patches\train\1\10487_1.png,48,288,50,25,1022,71,299,0.342995169,0.470125786,0.241545894,0.039308176,2
train,11404,1,data/train/img\11404.png,data/train/img\11404_GT.png,gt,patches\train\1\11404_1.png,4,534,78,102,4620,46,598,0.202643172,0.940251572,0.343612335,0.160377358,0.764705882
train,10335,1,data/train/img\10335.png,data/train/img\10335_GT.png,gt,patches\train\1\10335_1.png,200,386,32,24,569,217,395,0.935344828,0.6171875,0.137931034,0.0375,1.333333333
train,11867,1,data/train/img\11867.png,data/train/img\11867_GT.png,gt,patches\train\1\11867_1.png,143,396,19,35,422,151,416,0.656521739,0.662420382,0.082608696,0.055732484,0.542857143
train,12160,1,data/train/img\12160.png,data/train/img\12160_GT.png,gt,patches\train\1\12160_1.png,140,177,52,137,4580,163,256,0.718061674,0.408293461,0.22907489,0.218500797,0.379562044
train,11746,1,data/train/img\11746.png,data/train/img\11746_GT.png,gt,patches\train\1\11746_1.png,107,20,70,106,5035,143,74,0.627192982,0.115987461,0.307017544,0.166144201,0.660377358
train,11746,2,data/train/img\11746.png,data/train/img\11746_GT.png,gt,patches\train\1\11746_2.png,199,251,29,94,1871,215,304,0.942982456,0.476489028,0.127192982,0.147335423,0.308510638
train,11980,1,data/train/img\11980.png,data/train/img\11980_GT.png,gt,patches\train\1\11980_1.png,0,0,30,108,2755,13,52,0.056277056,0.081123245,0.12987013,0.168486739,0.277777778
train,11178,1,data/train/img\11178.png,data/train/img\11178_GT.png,gt,patches\train\1\11178_1.png,145,480,88,111,7704,194,534,0.832618026,0.835680751,0.377682403,0.17370892,0.792792793
train,10208,1,data/train/img\10208.png,data/train/img\10208_GT.png,gt,patches\train\1\10208_1.png,54,471,142,96,5442,120,506,0.526315789,0.807017544,0.622807018,0.153110048,1.479166667
train,11350,1,data/train/img\11350.png,data/train/img\11350_GT.png,gt,patches\train\1\11350_1.png,6,358,114,41,2898,58,378,0.252173913,0.588785047,0.495652174,0.063862928,2.780487805
train,12317,1,data/train/img\12317.png,data/train/img\12317_GT.png,gt,patches\train\1\12317_1.png,8,419,91,44,2442,48,442,0.206008584,0.696062992,0.39055794,0.069291339,2.068181818
train,12317,2,data/train/img\12317.png,data/train/img\12317_GT.png,gt,patches\train\1\12317_2.png,0,496,43,43,1088,20,518,0.08583691,0.815748031,0.184549356,0.067716535,1
train,11917,1,data/train/img\11917.png,data/train/img\11917_GT.png,gt,patches\train\1\11917_1.png,0,0,43,219,5676,17,120,0.073913043,0.188383046,0.186956522,0.343799058,0.196347032
train,11917,2,data/train/img\11917.png,data/train/img\11917_GT.png,gt,patches\train\1\11917_2.png,1,553,167,84,3299,78,591,0.339130435,0.927786499,0.726086957,0.131868132,1.988095238
train,10060,1,data/train/img\10060.png,data/train/img\10060_GT.png,gt,patches\train\1\10060_1.png,50,0,59,52,1653,80,17,0.350877193,0.026687598,0.25877193,0.081632653,1.134615385
train,10585,1,data/train/img\10585.png,data/train/img\10585_GT.png,gt,patches\train\1\10585_1.png,33,279,195,91,9305,124,325,0.543859649,0.503095975,0.855263158,0.140866873,2.142857143
train,11187,1,data/train/img\11187.png,data/train/img\11187_GT.png,gt,patches\train\1\11187_1.png,75,571,39,68,1647,91,610,0.382352941,0.954616588,0.163865546,0.106416275,0.573529412
train,11364,1,data/train/img\11364.png,data/train/img\11364_GT.png,gt,patches\train\1\11364_1.png,116,259,37,29,788,134,272,0.565400844,0.418461538,0.156118143,0.044615385,1.275862069
train,10514,1,data/train/img\10514.png,data/train/img\10514_GT.png,gt,patches\train\1\10514_1.png,113,335,69,33,1773,148,350,0.649122807,0.549450549,0.302631579,0.051805338,2.090909091
train,10770,1,data/train/img\10770.png,data/train/img\10770_GT.png,gt,patches\train\1\10770_1.png,115,294,50,40,1560,139,313,0.604347826,0.4890625,0.217391304,0.0625,1.25
train,12216,1,data/train/img\12216.png,data/train/img\12216_GT.png,gt,patches\train\1\12216_1.png,148,0,53,59,2607,172,25,0.751091703,0.039370079,0.231441048,0.092913386,0.898305085
train,12216,2,data/train/img\12216.png,data/train/img\12216_GT.png,gt,patches\train\1\12216_2.png,39,288,81,96,4744,84,340,0.366812227,0.535433071,0.35371179,0.151181102,0.84375
train,11923,1,data/train/img\11923.png,data/train/img\11923_GT.png,gt,patches\train\1\11923_1.png,22,277,207,131,7959,117,334,0.510917031,0.522691706,0.903930131,0.205007825,1.580152672
train,10756,1,data/train/img\10756.png,data/train/img\10756_GT.png,gt,patches\train\1\10756_1.png,91,547,77,99,4313,137,608,0.587982833,0.941176471,0.330472103,0.153250774,0.777777778
train,10090,1,data/train/img\10090.png,data/train/img\10090_GT.png,gt,patches\train\1\10090_1.png,0,568,47,29,774,21,582,0.091304348,0.913657771,0.204347826,0.045525903,1.620689655
train,10247,1,data/train/img\10247.png,data/train/img\10247_GT.png,gt,patches\train\1\10247_1.png,107,519,107,109,6908,163,571,0.714912281,0.896389325,0.469298246,0.1711146,0.981651376
train,11230,1,data/train/img\11230.png,data/train/img\11230_GT.png,gt,patches\train\1\11230_1.png,191,257,17,13,153,199,262,0.85042735,0.410658307,0.072649573,0.020376176,1.307692308
train,11662,1,data/train/img\11662.png,data/train/img\11662_GT.png,gt,patches\train\1\11662_1.png,22,474,36,44,1282,38,494,0.165217391,0.77672956,0.156521739,0.06918239,0.818181818
train,10403,1,data/train/img\10403.png,data/train/img\10403_GT.png,gt,patches\train\1\10403_1.png,49,396,28,81,1010,62,436,0.264957265,0.672839506,0.11965812,0.125,0.345679012
train,11553,1,data/train/img\11553.png,data/train/img\11553_GT.png,gt,patches\train\1\11553_1.png,41,301,31,36,866,56,317,0.244541485,0.503174603,0.135371179,0.057142857,0.861111111
train,10951,1,data/train/img\10951.png,data/train/img\10951_GT.png,gt,patches\train\1\10951_1.png,0,342,72,43,2181,33,362,0.145374449,0.56918239,0.317180617,0.067610063,1.674418605
train,11482,1,data/train/img\11482.png,data/train/img\11482_GT.png,gt,patches\train\1\11482_1.png,212,44,23,28,428,225,58,0.957446809,0.091772152,0.09787234,0.044303797,0.821428571
train,11858,1,data/train/img\11858.png,data/train/img\11858_GT.png,gt,patches\train\1\11858_1.png,14,536,39,91,2004,36,588,0.155172414,0.937799043,0.168103448,0.145135566,0.428571429
train,12245,1,data/train/img\12245.png,data/train/img\12245_GT.png,gt,patches\train\1\12245_1.png,0,569,109,49,4261,50,594,0.217391304,0.932496075,0.473913043,0.076923077,2.224489796
train,10308,1,data/train/img\10308.png,data/train/img\10308_GT.png,gt,patches\train\1\10308_1.png,130,437,97,166,12832,182,513,0.801762115,0.800312012,0.427312775,0.258970359,0.584337349
train,11924,1,data/train/img\11924.png,data/train/img\11924_GT.png,gt,patches\train\1\11924_1.png,76,290,71,42,1994,108,309,0.471615721,0.479069767,0.310043668,0.065116279,1.69047619
train,11195,1,data/train/img\11195.png,data/train/img\11195_GT.png,gt,patches\train\1\11195_1.png,143,0,92,75,4668,199,29,0.846808511,0.045454545,0.391489362,0.117554859,1.226666667
train,12080,1,data/train/img\12080.png,data/train/img\12080_GT.png,gt,patches\train\1\12080_1.png,41,194,149,59,6442,111,221,0.482608696,0.351351351,0.647826087,0.093799682,2.525423729
train,11351,1,data/train/img\11351.png,data/train/img\11351_GT.png,gt,patches\train\1\11351_1.png,0,409,25,167,3346,10,492,0.045248869,0.782193959,0.113122172,0.265500795,0.149700599
train,10401,1,data/train/img\10401.png,data/train/img\10401_GT.png,gt,patches\train\1\10401_1.png,71,269,94,108,6877,118,323,0.50862069,0.500775194,0.405172414,0.16744186,0.87037037
train,10554,1,data/train/img\10554.png,data/train/img\10554_GT.png,gt,patches\train\1\10554_1.png,49,434,142,84,2129,128,473,0.551724138,0.751987281,0.612068966,0.13354531,1.69047619
train,11632,1,data/train/img\11632.png,data/train/img\11632_GT.png,gt,patches\train\1\11632_1.png,154,385,43,47,1269,172,408,0.744588745,0.639498433,0.186147186,0.073667712,0.914893617
train,11739,1,data/train/img\11739.png,data/train/img\11739_GT.png,gt,patches\train\1\11739_1.png,181,37,24,70,1283,193,70,0.901869159,0.109546166,0.112149533,0.109546166,0.342857143
train,11025,1,data/train/img\11025.png,data/train/img\11025_GT.png,gt,patches\train\1\11025_1.png,14,159,57,60,2712,42,187,0.181818182,0.295418641,0.246753247,0.09478673,0.95
train,10663,1,data/train/img\10663.png,data/train/img\10663_GT.png,gt,patches\train\1\10663_1.png,36,0,61,46,1987,68,17,0.286919831,0.0265625,0.257383966,0.071875,1.326086957
train,10466,1,data/train/img\10466.png,data/train/img\10466_GT.png,gt,patches\train\1\10466_1.png,0,394,45,114,3828,20,447,0.091324201,0.6984375,0.205479452,0.178125,0.394736842
train,11139,1,data/train/img\11139.png,data/train/img\11139_GT.png,gt,patches\train\1\11139_1.png,165,181,50,102,3309,193,236,0.846491228,0.374009509,0.219298246,0.161648177,0.490196078
train,11139,2,data/train/img\11139.png,data/train/img\11139_GT.png,gt,patches\train\1\11139_2.png,0,248,51,82,3360,21,289,0.092105263,0.45800317,0.223684211,0.129952456,0.62195122
train,11139,3,data/train/img\11139.png,data/train/img\11139_GT.png,gt,patches\train\1\11139_3.png,109,252,26,21,404,122,262,0.535087719,0.415213946,0.114035088,0.033280507,1.238095238
train,10907,1,data/train/img\10907.png,data/train/img\10907_GT.png,gt,patches\train\1\10907_1.png,0,429,226,153,26146,114,503,0.504424779,0.793375394,1,0.241324921,1.477124183
train,11169,1,data/train/img\11169.png,data/train/img\11169_GT.png,gt,patches\train\1\11169_1.png,27,281,27,39,801,38,299,0.161702128,0.462132921,0.114893617,0.060278207,0.692307692
train,11012,1,data/train/img\11012.png,data/train/img\11012_GT.png,gt,patches\train\1\11012_1.png,11,571,35,39,580,29,590,0.129464286,0.933544304,0.15625,0.061708861,0.897435897
train,11574,1,data/train/img\11574.png,data/train/img\11574_GT.png,gt,patches\train\1\11574_1.png,0,376,44,264,5995,13,478,0.056277056,0.746875,0.19047619,0.4125,0.166666667
train,10618,1,data/train/img\10618.png,data/train/img\10618_GT.png,gt,patches\train\1\10618_1.png,142,293,86,46,2270,189,310,0.828947368,0.487421384,0.377192982,0.072327044,1.869565217
train,11481,1,data/train/img\11481.png,data/train/img\11481_GT.png,gt,patches\train\1\11481_1.png,0,334,74,25,1294,31,348,0.136563877,0.550632911,0.325991189,0.039556962,2.96
train,11711,1,data/train/img\11711.png,data/train/img\11711_GT.png,gt,patches\train\1\11711_1.png,42,286,60,34,1510,67,303,0.285106383,0.470496894,0.255319149,0.052795031,1.764705882
train,10714,1,data/train/img\10714.png,data/train/img\10714_GT.png,gt,patches\train\1\10714_1.png,0,539,70,25,1033,38,550,0.165217391,0.856697819,0.304347826,0.03894081,2.8
train,12288,1,data/train/img\12288.png,data/train/img\12288_GT.png,gt,patches\train\1\12288_1.png,96,69,43,67,2284,116,100,0.506550218,0.158227848,0.187772926,0.106012658,0.641791045
train,12288,2,data/train/img\12288.png,data/train/img\12288_GT.png,gt,patches\train\1\12288_2.png,59,348,22,16,212,69,355,0.301310044,0.561708861,0.096069869,0.025316456,1.375
train,12288,3,data/train/img\12288.png,data/train/img\12288_GT.png,gt,patches\train\1\12288_3.png,201,519,11,13,90,206,524,0.899563319,0.829113924,0.048034934,0.02056962,0.846153846
train,11447,1,data/train/img\11447.png,data/train/img\11447_GT.png,gt,patches\train\1\11447_1.png,18,291,108,69,3802,73,324,0.311965812,0.511848341,0.461538462,0.109004739,1.565217391
train,11190,1,data/train/img\11190.png,data/train/img\11190_GT.png,gt,patches\train\1\11190_1.png,28,273,98,66,4392,83,304,0.357758621,0.477237049,0.422413793,0.103610675,1.484848485
train,10281,1,data/train/img\10281.png,data/train/img\10281_GT.png,gt,patches\train\1\10281_1.png,57,195,86,81,5545,99,235,0.428571429,0.3802589,0.372294372,0.131067961,1.061728395
train,12314,1,data/train/img\12314.png,data/train/img\12314_GT.png,gt,patches\train\1\12314_1.png,162,0,67,89,4768,195,37,0.851528384,0.058176101,0.292576419,0.139937107,0.752808989
train,11061,1,data/train/img\11061.png,data/train/img\11061_GT.png,gt,patches\train\1\11061_1.png,28,376,55,116,3484,56,440,0.244541485,0.682170543,0.240174672,0.179844961,0.474137931
train,10345,1,data/train/img\10345.png,data/train/img\10345_GT.png,gt,patches\train\1\10345_1.png,143,185,36,38,918,162,201,0.716814159,0.316535433,0.159292035,0.05984252,0.947368421
train,10893,1,data/train/img\10893.png,data/train/img\10893_GT.png,gt,patches\train\1\10893_1.png,0,331,49,42,1542,21,350,0.092511013,0.552050473,0.215859031,0.066246057,1.166666667
train,11832,1,data/train/img\11832.png,data/train/img\11832_GT.png,gt,patches\train\1\11832_1.png,0,147,49,81,3438,21,184,0.092105263,0.289308176,0.214912281,0.127358491,0.604938272
train,11003,1,data/train/img\11003.png,data/train/img\11003_GT.png,gt,patches\train\1\11003_1.png,0,180,44,125,4248,18,241,0.080357143,0.381933439,0.196428571,0.198098257,0.352
train,12179,1,data/train/img\12179.png,data/train/img\12179_GT.png,gt,patches\train\1\12179_1.png,159,0,70,123,5361,201,71,0.877729258,0.112877583,0.305676856,0.19554849,0.569105691
train,12179,2,data/train/img\12179.png,data/train/img\12179_GT.png,gt,patches\train\1\12179_2.png,50,432,146,197,9867,115,512,0.502183406,0.813990461,0.637554585,0.313195548,0.741116751
train,12109,1,data/train/img\12109.png,data/train/img\12109_GT.png,gt,patches\train\1\12109_1.png,136,581,41,39,1182,157,600,0.676724138,0.949367089,0.176724138,0.061708861,1.051282051
train,11695,1,data/train/img\11695.png,data/train/img\11695_GT.png,gt,patches\train\1\11695_1.png,4,457,36,35,776,20,475,0.099009901,0.7421875,0.178217822,0.0546875,1.028571429
train,10729,1,data/train/img\10729.png,data/train/img\10729_GT.png,gt,patches\train\1\10729_1.png,88,96,20,73,920,98,131,0.422413793,0.2046875,0.086206897,0.1140625,0.273972603
train,11360,1,data/train/img\11360.png,data/train/img\11360_GT.png,gt,patches\train\1\11360_1.png,16,359,35,68,1420,32,395,0.140350877,0.613354037,0.153508772,0.105590062,0.514705882
train,10808,1,data/train/img\10808.png,data/train/img\10808_GT.png,gt,patches\train\1\10808_1.png,139,240,65,159,1907,172,310,0.761061947,0.491283677,0.287610619,0.251980983,0.408805031
train,10808,2,data/train/img\10808.png,data/train/img\10808_GT.png,gt,patches\train\1\10808_2.png,135,399,10,13,73,139,405,0.615044248,0.641838352,0.044247788,0.020602219,0.769230769
train,10808,3,data/train/img\10808.png,data/train/img\10808_GT.png,gt,patches\train\1\10808_3.png,95,423,45,101,1396,119,472,0.526548673,0.748019017,0.199115044,0.160063391,0.445544554
train,12026,1,data/train/img\12026.png,data/train/img\12026_GT.png,gt,patches\train\1\12026_1.png,43,291,96,64,4261,92,328,0.394849785,0.516535433,0.412017167,0.100787402,1.5
train,10065,1,data/train/img\10065.png,data/train/img\10065_GT.png,gt,patches\train\1\10065_1.png,69,200,74,72,3087,107,233,0.467248908,0.36349454,0.323144105,0.112324493,1.027777778
train,11629,1,data/train/img\11629.png,data/train/img\11629_GT.png,gt,patches\train\1\11629_1.png,0,403,102,69,4304,43,434,0.188596491,0.680250784,0.447368421,0.10815047,1.47826087
train,11629,2,data/train/img\11629.png,data/train/img\11629_GT.png,gt,patches\train\1\11629_2.png,144,462,84,146,9697,186,536,0.815789474,0.840125392,0.368421053,0.228840125,0.575342466
train,11417,1,data/train/img\11417.png,data/train/img\11417_GT.png,gt,patches\train\1\11417_1.png,0,0,37,31,839,18,13,0.07860262,0.020504732,0.161572052,0.048895899,1.193548387
train,10844,1,data/train/img\10844.png,data/train/img\10844_GT.png,gt,patches\train\1\10844_1.png,61,166,19,15,183,70,174,0.308370044,0.271875,0.083700441,0.0234375,1.266666667
train,11962,1,data/train/img\11962.png,data/train/img\11962_GT.png,gt,patches\train\1\11962_1.png,25,205,69,78,2015,57,239,0.246753247,0.3734375,0.298701299,0.121875,0.884615385
train,10821,1,data/train/img\10821.png,data/train/img\10821_GT.png,gt,patches\train\1\10821_1.png,125,302,103,139,5070,189,368,0.828947368,0.58044164,0.451754386,0.219242902,0.741007194
train,10821,2,data/train/img\10821.png,data/train/img\10821_GT.png,gt,patches\train\1\10821_2.png,1,387,83,133,4263,35,444,0.153508772,0.700315457,0.364035088,0.20977918,0.62406015
train,12210,1,data/train/img\12210.png,data/train/img\12210_GT.png,gt,patches\train\1\12210_1.png,162,507,68,138,5934,204,587,0.886956522,0.910077519,0.295652174,0.213953488,0.492753623
train,10084,1,data/train/img\10084.png,data/train/img\10084_GT.png,gt,patches\train\1\10084_1.png,195,103,30,79,1109,209,143,0.904761905,0.231017771,0.12987013,0.127625202,0.379746835
train,12146,1,data/train/img\12146.png,data/train/img\12146_GT.png,gt,patches\train\1\12146_1.png,98,338,117,49,3586,165,362,0.717391304,0.562111801,0.508695652,0.076086957,2.387755102
train,11315,1,data/train/img\11315.png,data/train/img\11315_GT.png,gt,patches\train\1\11315_1.png,0,364,226,133,17543,113,423,0.5,0.645801527,1,0.203053435,1.69924812
train,10712,1,data/train/img\10712.png,data/train/img\10712_GT.png,gt,patches\train\1\10712_1.png,112,298,114,95,7056,171,347,0.746724891,0.544740973,0.497816594,0.149136578,1.2
train,11258,1,data/train/img\11258.png,data/train/img\11258_GT.png,gt,patches\train\1\11258_1.png,135,312,95,32,2326,180,327,0.759493671,0.516587678,0.400843882,0.050552923,2.96875
train,10396,1,data/train/img\10396.png,data/train/img\10396_GT.png,gt,patches\train\1\10396_1.png,0,75,46,80,2253,23,112,0.1,0.179775281,0.2,0.128410915,0.575
train,11810,1,data/train/img\11810.png,data/train/img\11810_GT.png,gt,patches\train\1\11810_1.png,83,268,60,64,2307,114,298,0.493506494,0.465625,0.25974026,0.1,0.9375
train,10695,1,data/train/img\10695.png,data/train/img\10695_GT.png,gt,patches\train\1\10695_1.png,160,389,28,30,670,172,404,0.757709251,0.629283489,0.123348018,0.046728972,0.933333333
train,10695,2,data/train/img\10695.png,data/train/img\10695_GT.png,gt,patches\train\1\10695_2.png,153,514,46,45,1539,173,536,0.762114537,0.834890966,0.202643172,0.070093458,1.022222222
train,11750,1,data/train/img\11750.png,data/train/img\11750_GT.png,gt,patches\train\1\11750_1.png,0,103,39,206,4229,14,191,0.061403509,0.298904538,0.171052632,0.322378717,0.189320388
train,10266,1,data/train/img\10266.png,data/train/img\10266_GT.png,gt,patches\train\1\10266_1.png,19,392,21,30,491,28,407,0.125,0.640944882,0.09375,0.047244094,0.7
train,11074,1,data/train/img\11074.png,data/train/img\11074_GT.png,gt,patches\train\1\11074_1.png,0,0,37,165,4361,14,69,0.059574468,0.107142857,0.157446809,0.25621118,0.224242424
train,10846,1,data/train/img\10846.png,data/train/img\10846_GT.png,gt,patches\train\1\10846_1.png,111,555,120,87,8056,171,600,0.74025974,0.934579439,0.519480519,0.135514019,1.379310345
train,10028,1,data/train/img\10028.png,data/train/img\10028_GT.png,gt,patches\train\1\10028_1.png,30,287,88,42,1528,80,303,0.349344978,0.471228616,0.384279476,0.065318818,2.095238095
train,10457,1,data/train/img\10457.png,data/train/img\10457_GT.png,gt,patches\train\1\10457_1.png,0,401,24,41,675,8,421,0.034934498,0.660910518,0.104803493,0.064364207,0.585365854
train,11670,1,data/train/img\11670.png,data/train/img\11670_GT.png,gt,patches\train\1\11670_1.png,145,287,82,118,6787,188,348,0.828193833,0.547169811,0.36123348,0.185534591,0.694915254
train,10304,1,data/train/img\10304.png,data/train/img\10304_GT.png,gt,patches\train\1\10304_1.png,4,324,61,20,798,35,332,0.151515152,0.517133956,0.264069264,0.031152648,3.05
train,11093,1,data/train/img\11093.png,data/train/img\11093_GT.png,gt,patches\train\1\11093_1.png,194,182,31,42,939,207,202,0.877118644,0.312210201,0.131355932,0.064914992,0.738095238
train,12050,1,data/train/img\12050.png,data/train/img\12050_GT.png,gt,patches\train\1\12050_1.png,32,2,51,79,2040,56,38,0.243478261,0.060606061,0.22173913,0.12599681,0.64556962
train,11643,1,data/train/img\11643.png,data/train/img\11643_GT.png,gt,patches\train\1\11643_1.png,172,455,23,16,280,182,462,0.784482759,0.728706625,0.099137931,0.025236593,1.4375
train,11339,1,data/train/img\11339.png,data/train/img\11339_GT.png,gt,patches\train\1\11339_1.png,81,277,67,26,1051,115,288,0.504385965,0.452830189,0.293859649,0.040880503,2.576923077
train,12028,1,data/train/img\12028.png,data/train/img\12028_GT.png,gt,patches\train\1\12028_1.png,18,388,27,46,844,31,413,0.135371179,0.651419558,0.11790393,0.072555205,0.586956522
train,10574,1,data/train/img\10574.png,data/train/img\10574_GT.png,gt,patches\train\1\10574_1.png,115,394,78,129,6005,156,469,0.71559633,0.72826087,0.357798165,0.200310559,0.604651163
train,10628,1,data/train/img\10628.png,data/train/img\10628_GT.png,gt,patches\train\1\10628_1.png,0,245,43,143,4444,18,303,0.07860262,0.477917981,0.187772926,0.22555205,0.300699301
test,20821,1,data/test/img\20821.png,data/test/img\20821_GT.png,gt,patches\test\1\20821_1.png,203,0,28,63,1556,217,31,0.939393939,0.048361934,0.121212121,0.098283931,0.444444444
test,20129,1,data/test/img\20129.png,data/test/img\20129_GT.png,gt,patches\test\1\20129_1.png,0,210,83,55,2626,42,236,0.184210526,0.376996805,0.364035088,0.087859425,1.509090909
test,20632,1,data/test/img\20632.png,data/test/img\20632_GT.png,gt,patches\test\1\20632_1.png,0,345,65,25,1281,30,357,0.131004367,0.556074766,0.283842795,0.03894081,2.6
test,20217,1,data/test/img\20217.png,data/test/img\20217_GT.png,gt,patches\test\1\20217_1.png,36,312,116,94,2364,92,363,0.4,0.5671875,0.504347826,0.146875,1.234042553
test,20403,1,data/test/img\20403.png,data/test/img\20403_GT.png,gt,patches\test\1\20403_1.png,34,21,81,308,16850,75,175,0.328947368,0.275157233,0.355263158,0.48427673,0.262987013
test,20785,1,data/test/img\20785.png,data/test/img\20785_GT.png,gt,patches\test\1\20785_1.png,92,246,135,97,7217,146,292,0.643171806,0.454121306,0.594713656,0.150855365,1.391752577
test,20426,1,data/test/img\20426.png,data/test/img\20426_GT.png,gt,patches\test\1\20426_1.png,12,588,21,52,998,22,614,0.096491228,0.959375,0.092105263,0.08125,0.403846154
test,20665,1,data/test/img\20665.png,data/test/img\20665_GT.png,gt,patches\test\1\20665_1.png,107,309,41,44,1192,123,330,0.544247788,0.510835913,0.181415929,0.068111455,0.931818182
test,20665,2,data/test/img\20665.png,data/test/img\20665_GT.png,gt,patches\test\1\20665_2.png,0,339,27,48,1064,11,363,0.048672566,0.561919505,0.119469027,0.074303406,0.5625
test,20665,3,data/test/img\20665.png,data/test/img\20665_GT.png,gt,patches\test\1\20665_3.png,54,568,48,78,2570,78,611,0.345132743,0.945820433,0.212389381,0.120743034,0.615384615
test,20892,1,data/test/img\20892.png,data/test/img\20892_GT.png,gt,patches\test\1\20892_1.png,116,287,95,44,2559,164,307,0.703862661,0.484992101,0.407725322,0.069510269,2.159090909
test,20428,1,data/test/img\20428.png,data/test/img\20428_GT.png,gt,patches\test\1\20428_1.png,182,309,47,50,1776,208,330,0.908296943,0.508474576,0.205240175,0.077041602,0.94
test,20177,1,data/test/img\20177.png,data/test/img\20177_GT.png,gt,patches\test\1\20177_1.png,6,520,41,37,1147,27,537,0.117391304,0.829984544,0.17826087,0.057187017,1.108108108
test,20175,1,data/test/img\20175.png,data/test/img\20175_GT.png,gt,patches\test\1\20175_1.png,106,496,31,60,1307,122,526,0.547085202,0.8416,0.139013453,0.096,0.516666667
test,20827,1,data/test/img\20827.png,data/test/img\20827_GT.png,gt,patches\test\1\20827_1.png,172,265,58,51,2252,200,289,0.869565217,0.450858034,0.252173913,0.079563183,1.137254902
test,20848,1,data/test/img\20848.png,data/test/img\20848_GT.png,gt,patches\test\1\20848_1.png,99,0,132,139,9447,162,81,0.701298701,0.126959248,0.571428571,0.217868339,0.949640288
test,20912,1,data/test/img\20912.png,data/test/img\20912_GT.png,gt,patches\test\1\20912_1.png,164,289,65,37,1750,200,306,0.873362445,0.484177215,0.283842795,0.058544304,1.756756757
test,20564,1,data/test/img\20564.png,data/test/img\20564_GT.png,gt,patches\test\1\20564_1.png,3,198,24,55,1013,14,223,0.061674009,0.354531002,0.105726872,0.087440382,0.436363636
test,20517,1,data/test/img\20517.png,data/test/img\20517_GT.png,gt,patches\test\1\20517_1.png,44,246,139,134,8966,102,319,0.43776824,0.5,0.596566524,0.210031348,1.037313433
test,20439,1,data/test/img\20439.png,data/test/img\20439_GT.png,gt,patches\test\1\20439_1.png,3,35,165,296,13004,78,185,0.343612335,0.291338583,0.726872247,0.466141732,0.557432432
test,20544,1,data/test/img\20544.png,data/test/img\20544_GT.png,gt,patches\test\1\20544_1.png,125,64,23,21,354,136,73,0.591304348,0.112654321,0.1,0.032407407,1.095238095
test,20942,1,data/test/img\20942.png,data/test/img\20942_GT.png,gt,patches\test\1\20942_1.png,27,229,15,47,558,34,252,0.149122807,0.405144695,0.065789474,0.075562701,0.319148936
test,20816,1,data/test/img\20816.png,data/test/img\20816_GT.png,gt,patches\test\1\20816_1.png,0,597,31,15,355,13,603,0.056768559,0.936335404,0.135371179,0.023291925,2.066666667
test,20834,1,data/test/img\20834.png,data/test/img\20834_GT.png,gt,patches\test\1\20834_1.png,125,115,84,100,6253,166,162,0.718614719,0.255924171,0.363636364,0.157977883,0.84
test,20804,1,data/test/img\20804.png,data/test/img\20804_GT.png,gt,patches\test\1\20804_1.png,67,0,162,111,9792,169,56,0.737991266,0.087912088,0.707423581,0.174254317,1.459459459
test,20747,1,data/test/img\20747.png,data/test/img\20747_GT.png,gt,patches\test\1\20747_1.png,81,267,89,34,2204,121,281,0.53539823,0.445324881,0.39380531,0.053882726,2.617647059
test,20543,1,data/test/img\20543.png,data/test/img\20543_GT.png,gt,patches\test\1\20543_1.png,28,310,48,24,920,52,321,0.223175966,0.504716981,0.206008584,0.037735849,2
test,20738,1,data/test/img\20738.png,data/test/img\20738_GT.png,gt,patches\test\1\20738_1.png,145,2,53,43,1776,173,22,0.739316239,0.034003091,0.226495726,0.066460587,1.23255814
test,20952,1,data/test/img\20952.png,data/test/img\20952_GT.png,gt,patches\test\1\20952_1.png,46,66,184,98,10951,126,119,0.547826087,0.189490446,0.8,0.156050955,1.87755102
test,20141,1,data/test/img\20141.png,data/test/img\20141_GT.png,gt,patches\test\1\20141_1.png,38,511,40,116,3999,57,569,0.248908297,0.907496013,0.174672489,0.185007974,0.344827586
test,20857,1,data/test/img\20857.png,data/test/img\20857_GT.png,gt,patches\test\1\20857_1.png,35,314,191,65,6392,119,338,0.515151515,0.523219814,0.826839827,0.100619195,2.938461538
test,20486,1,data/test/img\20486.png,data/test/img\20486_GT.png,gt,patches\test\1\20486_1.png,152,336,76,55,2060,190,362,0.833333333,0.57007874,0.333333333,0.086614173,1.381818182
test,20956,1,data/test/img\20956.png,data/test/img\20956_GT.png,gt,patches\test\1\20956_1.png,20,399,54,66,2828,46,429,0.200873362,0.679873217,0.23580786,0.10459588,0.818181818
test,20625,1,data/test/img\20625.png,data/test/img\20625_GT.png,gt,patches\test\1\20625_1.png,10,546,65,93,3950,42,597,0.179487179,0.9342723,0.277777778,0.145539906,0.698924731
test,20891,1,data/test/img\20891.png,data/test/img\20891_GT.png,gt,patches\test\1\20891_1.png,53,577,38,55,1429,72,605,0.315789474,0.952755906,0.166666667,0.086614173,0.690909091
test,20172,1,data/test/img\20172.png,data/test/img\20172_GT.png,gt,patches\test\1\20172_1.png,159,468,51,70,2807,184,504,0.80349345,0.8,0.222707424,0.111111111,0.728571429
test,20117,1,data/test/img\20117.png,data/test/img\20117_GT.png,gt,patches\test\1\20117_1.png,114,364,70,71,2864,145,399,0.627705628,0.624413146,0.303030303,0.111111111,0.985915493
test,20117,2,data/test/img\20117.png,data/test/img\20117_GT.png,gt,patches\test\1\20117_2.png,184,475,38,47,1477,203,498,0.878787879,0.779342723,0.164502165,0.073552426,0.808510638
test,20561,1,data/test/img\20561.png,data/test/img\20561_GT.png,gt,patches\test\1\20561_1.png,27,516,77,79,4803,63,556,0.271551724,0.872841444,0.331896552,0.124018838,0.974683544
test,20502,1,data/test/img\20502.png,data/test/img\20502_GT.png,gt,patches\test\1\20502_1.png,18,409,193,212,19136,117,517,0.495762712,0.811616954,0.81779661,0.332810047,0.910377358
test,20056,1,data/test/img\20056.png,data/test/img\20056_GT.png,gt,patches\test\1\20056_1.png,0,259,45,65,1871,17,296,0.073913043,0.456790123,0.195652174,0.100308642,0.692307692
test,20724,1,data/test/img\20724.png,data/test/img\20724_GT.png,gt,patches\test\1\20724_1.png,0,561,98,78,4987,44,597,0.192139738,0.9342723,0.427947598,0.122065728,1.256410256
test,20902,1,data/test/img\20902.png,data/test/img\20902_GT.png,gt,patches\test\1\20902_1.png,158,281,71,77,3981,195,319,0.851528384,0.5,0.310043668,0.120689655,0.922077922
test,20902,2,data/test/img\20902.png,data/test/img\20902_GT.png,gt,patches\test\1\20902_2.png,80,295,35,31,850,97,310,0.423580786,0.485893417,0.152838428,0.048589342,1.129032258
test,20452,1,data/test/img\20452.png,data/test/img\20452_GT.png,gt,patches\test\1\20452_1.png,141,453,33,76,1827,158,493,0.692982456,0.767912773,0.144736842,0.118380062,0.434210526
test,20672,1,data/test/img\20672.png,data/test/img\20672_GT.png,gt,patches\test\1\20672_1.png,26,0,28,56,1316,39,24,0.168831169,0.037617555,0.121212121,0.087774295,0.5
test,20159,1,data/test/img\20159.png,data/test/img\20159_GT.png,gt,patches\test\1\20159_1.png,154,215,79,65,1228,195,248,0.836909871,0.392405063,0.339055794,0.102848101,1.215384615
test,20465,1,data/test/img\20465.png,data/test/img\20465_GT.png,gt,patches\test\1\20465_1.png,118,508,70,125,5983,151,573,0.712264151,0.90521327,0.330188679,0.197472354,0.56
test,20095,1,data/test/img\20095.png,data/test/img\20095_GT.png,gt,patches\test\1\20095_1.png,0,230,85,114,5178,41,288,0.177489177,0.446511628,0.367965368,0.176744186,0.745614035
test,20772,1,data/test/img\20772.png,data/test/img\20772_GT.png,gt,patches\test\1\20772_1.png,134,11,75,92,4963,171,56,0.743478261,0.087363495,0.326086957,0.143525741,0.815217391
test,20190,1,data/test/img\20190.png,data/test/img\20190_GT.png,gt,patches\test\1\20190_1.png,113,335,123,106,5749,191,377,0.809322034,0.5890625,0.521186441,0.165625,1.160377358
test,20099,1,data/test/img\20099.png,data/test/img\20099_GT.png,gt,patches\test\1\20099_1.png,0,272,90,61,4394,43,302,0.186956522,0.474097331,0.391304348,0.095761381,1.475409836
test,20895,1,data/test/img\20895.png,data/test/img\20895_GT.png,gt,patches\test\1\20895_1.png,136,0,61,45,1856,169,18,0.734782609,0.027950311,0.265217391,0.069875776,1.355555556
test,20624,1,data/test/img\20624.png,data/test/img\20624_GT.png,gt,patches\test\1\20624_1.png,138,361,80,95,4837,183,404,0.788793103,0.63422292,0.344827586,0.149136578,0.842105263
test,20246,1,data/test/img\20246.png,data/test/img\20246_GT.png,gt,patches\test\1\20246_1.png,173,264,51,52,1767,197,288,0.879464286,0.454258675,0.227678571,0.082018927,0.980769231
test,20158,1,data/test/img\20158.png,data/test/img\20158_GT.png,gt,patches\test\1\20158_1.png,20,382,115,259,19210,67,505,0.292576419,0.787831513,0.502183406,0.404056162,0.444015444
test,20884,1,data/test/img\20884.png,data/test/img\20884_GT.png,gt,patches\test\1\20884_1.png,57,29,173,238,33127,153,148,0.665217391,0.230529595,0.752173913,0.370716511,0.726890756
test,20969,1,data/test/img\20969.png,data/test/img\20969_GT.png,gt,patches\test\1\20969_1.png,39,377,133,77,4197,104,414,0.45814978,0.668820679,0.585903084,0.124394184,1.727272727
test,20142,1,data/test/img\20142.png,data/test/img\20142_GT.png,gt,patches\test\1\20142_1.png,0,0,24,96,2096,10,49,0.043668122,0.076923077,0.104803493,0.150706436,0.25
test,20275,1,data/test/img\20275.png,data/test/img\20275_GT.png,gt,patches\test\1\20275_1.png,14,175,15,36,437,20,192,0.084745763,0.301886792,0.063559322,0.056603774,0.416666667
test,20042,1,data/test/img\20042.png,data/test/img\20042_GT.png,gt,patches\test\1\20042_1.png,0,244,101,100,6215,40,288,0.176211454,0.461538462,0.444933921,0.16025641,1.01
test,20281,1,data/test/img\20281.png,data/test/img\20281_GT.png,gt,patches\test\1\20281_1.png,151,77,35,106,2855,168,126,0.733624454,0.193548387,0.152838428,0.162826421,0.330188679
test,20765,1,data/test/img\20765.png,data/test/img\20765_GT.png,gt,patches\test\1\20765_1.png,10,188,66,44,1884,40,207,0.175438596,0.330670927,0.289473684,0.07028754,1.5
test,20259,1,data/test/img\20259.png,data/test/img\20259_GT.png,gt,patches\test\1\20259_1.png,87,381,30,54,637,100,407,0.440528634,0.648089172,0.13215859,0.085987261,0.555555556
test,20295,1,data/test/img\20295.png,data/test/img\20295_GT.png,gt,patches\test\1\20295_1.png,126,325,71,37,1666,156,341,0.684210526,0.536163522,0.311403509,0.058176101,1.918918919
test,20646,1,data/test/img\20646.png,data/test/img\20646_GT.png,gt,patches\test\1\20646_1.png,70,263,94,41,3206,115,283,0.508849558,0.44778481,0.415929204,0.064873418,2.292682927
test,20125,1,data/test/img\20125.png,data/test/img\20125_GT.png,gt,patches\test\1\20125_1.png,149,291,86,41,2703,190,312,0.808510638,0.492890995,0.365957447,0.064770932,2.097560976
test,20959,1,data/test/img\20959.png,data/test/img\20959_GT.png,gt,patches\test\1\20959_1.png,178,468,53,91,2482,206,512,0.891774892,0.805031447,0.229437229,0.143081761,0.582417582
test,20784,1,data/test/img\20784.png,data/test/img\20784_GT.png,gt,patches\test\1\20784_1.png,10,220,134,120,11484,80,280,0.347826087,0.433436533,0.582608696,0.185758514,1.116666667
test,20667,1,data/test/img\20667.png,data/test/img\20667_GT.png,gt,patches\test\1\20667_1.png,172,370,56,44,1275,206,397,0.903508772,0.6203125,0.245614035,0.06875,1.272727273
test,20209,1,data/test/img\20209.png,data/test/img\20209_GT.png,gt,patches\test\1\20209_1.png,60,30,163,96,11154,150,83,0.67264574,0.1296875,0.730941704,0.15,1.697916667
test,20231,1,data/test/img\20231.png,data/test/img\20231_GT.png,gt,patches\test\1\20231_1.png,8,272,20,28,338,18,285,0.07826087,0.452380952,0.086956522,0.044444444,0.714285714
test,20130,1,data/test/img\20130.png,data/test/img\20130_GT.png,gt,patches\test\1\20130_1.png,55,540,41,97,1869,78,590,0.342105263,0.926216641,0.179824561,0.152276295,0.422680412
test,20671,1,data/test/img\20671.png,data/test/img\20671_GT.png,gt,patches\test\1\20671_1.png,0,173,125,128,11173,48,230,0.246153846,0.365079365,0.641025641,0.203174603,0.9765625
test,20671,2,data/test/img\20671.png,data/test/img\20671_GT.png,gt,patches\test\1\20671_2.png,0,299,74,134,8240,33,361,0.169230769,0.573015873,0.379487179,0.212698413,0.552238806
test,20829,1,data/test/img\20829.png,data/test/img\20829_GT.png,gt,patches\test\1\20829_1.png,0,562,35,29,816,15,575,0.065217391,0.936482085,0.152173913,0.04723127,1.206896552
test,20882,1,data/test/img\20882.png,data/test/img\20882_GT.png,gt,patches\test\1\20882_1.png,0,0,71,155,9208,31,73,0.135964912,0.118699187,0.311403509,0.25203252,0.458064516
test,20882,2,data/test/img\20882.png,data/test/img\20882_GT.png,gt,patches\test\1\20882_2.png,101,402,38,49,1112,117,422,0.513157895,0.686178862,0.166666667,0.079674797,0.775510204
test,20882,3,data/test/img\20882.png,data/test/img\20882_GT.png,gt,patches\test\1\20882_3.png,0,438,55,80,2965,22,471,0.096491228,0.765853659,0.24122807,0.130081301,0.6875
test,20434,1,data/test/img\20434.png,data/test/img\20434_GT.png,gt,patches\test\1\20434_1.png,10,208,73,68,3526,46,244,0.201754386,0.380655226,0.320175439,0.106084243,1.073529412
test,20118,1,data/test/img\20118.png,data/test/img\20118_GT.png,gt,patches\test\1\20118_1.png,0,0,65,145,5986,25,57,0.109170306,0.089481947,0.283842795,0.227629513,0.448275862
test,20754,1,data/test/img\20754.png,data/test/img\20754_GT.png,gt,patches\test\1\20754_1.png,0,541,32,22,590,13,550,0.062801932,0.864779874,0.154589372,0.034591195,1.454545455
test,20204,1,data/test/img\20204.png,data/test/img\20204_GT.png,gt,patches\test\1\20204_1.png,120,294,112,65,5037,180,327,0.775862069,0.510140406,0.482758621,0.101404056,1.723076923
test,20587,1,data/test/img\20587.png,data/test/img\20587_GT.png,gt,patches\test\1\20587_1.png,182,250,55,77,2958,210,285,0.886075949,0.447409733,0.232067511,0.120879121,0.714285714
test,20881,1,data/test/img\20881.png,data/test/img\20881_GT.png,gt,patches\test\1\20881_1.png,60,478,168,112,9728,150,529,0.657894737,0.829153605,0.736842105,0.175548589,1.5
test,20600,1,data/test/img\20600.png,data/test/img\20600_GT.png,gt,patches\test\1\20600_1.png,151,265,82,65,3813,195,296,0.836909871,0.459627329,0.35193133,0.100931677,1.261538462
test,20546,1,data/test/img\20546.png,data/test/img\20546_GT.png,gt,patches\test\1\20546_1.png,198,305,34,24,558,216,318,0.931034483,0.496875,0.146551724,0.0375,1.416666667
test,20941,1,data/test/img\20941.png,data/test/img\20941_GT.png,gt,patches\test\1\20941_1.png,62,371,73,39,2062,97,389,0.41991342,0.609717868,0.316017316,0.061128527,1.871794872
test,20535,1,data/test/img\20535.png,data/test/img\20535_GT.png,gt,patches\test\1\20535_1.png,0,279,75,86,4130,35,315,0.154185022,0.491419657,0.330396476,0.134165367,0.872093023
test,20744,1,data/test/img\20744.png,data/test/img\20744_GT.png,gt,patches\test\1\20744_1.png,70,74,139,171,3310,144,150,0.634361233,0.234375,0.612334802,0.2671875,0.812865497
test,20744,2,data/test/img\20744.png,data/test/img\20744_GT.png,gt,patches\test\1\20744_2.png,30,245,44,80,1042,52,286,0.22907489,0.446875,0.193832599,0.125,0.55
test,20334,1,data/test/img\20334.png,data/test/img\20334_GT.png,gt,patches\test\1\20334_1.png,74,507,132,106,6429,143,565,0.624454148,0.88976378,0.576419214,0.166929134,1.245283019
test,20870,1,data/test/img\20870.png,data/test/img\20870_GT.png,gt,patches\test\1\20870_1.png,112,512,118,105,6771,173,565,0.752173913,0.881435257,0.513043478,0.163806552,1.123809524
test,20487,1,data/test/img\20487.png,data/test/img\20487_GT.png,gt,patches\test\1\20487_1.png,27,293,42,59,1683,48,320,0.205128205,0.500782473,0.179487179,0.092331768,0.711864407
test,20084,1,data/test/img\20084.png,data/test/img\20084_GT.png,gt,patches\test\1\20084_1.png,79,163,150,49,5407,160,184,0.698689956,0.287949922,0.655021834,0.076682316,3.06122449
test,20319,1,data/test/img\20319.png,data/test/img\20319_GT.png,gt,patches\test\1\20319_1.png,0,597,37,42,1292,18,619,0.07860262,0.968701095,0.161572052,0.0657277,0.880952381
test,20193,1,data/test/img\20193.png,data/test/img\20193_GT.png,gt,patches\test\1\20193_1.png,50,0,178,296,45182,147,148,0.644736842,0.231974922,0.780701754,0.463949843,0.601351351
test,20236,1,data/test/img\20236.png,data/test/img\20236_GT.png,gt,patches\test\1\20236_1.png,1,0,22,35,585,12,16,0.051948052,0.025356577,0.095238095,0.055467512,0.628571429
test,20685,1,data/test/img\20685.png,data/test/img\20685_GT.png,gt,patches\test\1\20685_1.png,66,433,119,93,7075,133,485,0.583333333,0.773524721,0.521929825,0.148325359,1.279569892
test,20416,1,data/test/img\20416.png,data/test/img\20416_GT.png,gt,patches\test\1\20416_1.png,0,2,131,162,14812,58,86,0.261261261,0.1376,0.59009009,0.2592,0.808641975
test,20392,1,data/test/img\20392.png,data/test/img\20392_GT.png,gt,patches\test\1\20392_1.png,0,13,231,221,10180,118,115,0.510822511,0.1796875,1,0.3453125,1.045248869
test,20599,1,data/test/img\20599.png,data/test/img\20599_GT.png,gt,patches\test\1\20599_1.png,0,75,33,95,1895,11,128,0.04845815,0.2,0.145374449,0.1484375,0.347368421
test,20599,2,data/test/img\20599.png,data/test/img\20599_GT.png,gt,patches\test\1\20599_2.png,140,271,87,48,2467,192,293,0.845814978,0.4578125,0.383259912,0.075,1.8125
test,20297,1,data/test/img\20297.png,data/test/img\20297_GT.png,gt,patches\test\1\20297_1.png,177,14,29,29,624,191,28,0.805907173,0.043613707,0.122362869,0.04517134,1
test,20801,1,data/test/img\20801.png,data/test/img\20801_GT.png,gt,patches\test\1\20801_1.png,0,41,62,22,788,28,50,0.123348018,0.08,0.273127753,0.0352,2.818181818
test,20264,1,data/test/img\20264.png,data/test/img\20264_GT.png,gt,patches\test\1\20264_1.png,0,420,24,209,4424,10,519,0.043859649,0.825119237,0.105263158,0.33227345,0.114832536
test,20523,1,data/test/img\20523.png,data/test/img\20523_GT.png,gt,patches\test\1\20523_1.png,100,59,119,53,1668,154,84,0.669565217,0.130841121,0.517391304,0.082554517,2.245283019
test,20228,1,data/test/img\20228.png,data/test/img\20228_GT.png,gt,patches\test\1\20228_1.png,170,150,15,19,189,177,159,0.766233766,0.251184834,0.064935065,0.030015798,0.789473684
test,20660,1,data/test/img\20660.png,data/test/img\20660_GT.png,gt,patches\test\1\20660_1.png,72,118,61,67,2699,97,148,0.425438596,0.231974922,0.26754386,0.105015674,0.910447761
test,20922,1,data/test/img\20922.png,data/test/img\20922_GT.png,gt,patches\test\1\20922_1.png,23,282,40,96,2400,39,327,0.169565217,0.544093178,0.173913043,0.159733777,0.416666667
test,20922,2,data/test/img\20922.png,data/test/img\20922_GT.png,gt,patches\test\1\20922_2.png,0,476,55,53,1116,28,502,0.12173913,0.835274542,0.239130435,0.088186356,1.037735849
test,20640,1,data/test/img\20640.png,data/test/img\20640_GT.png,gt,patches\test\1\20640_1.png,168,112,60,98,1763,197,162,0.864035088,0.256735341,0.263157895,0.155309033,0.612244898
test,20682,1,data/test/img\20682.png,data/test/img\20682_GT.png,gt,patches\test\1\20682_1.png,36,109,175,108,11694,115,172,0.5,0.273449921,0.760869565,0.171701113,1.62037037
test,20457,1,data/test/img\20457.png,data/test/img\20457_GT.png,gt,patches\test\1\20457_1.png,115,142,117,137,10049,187,202,0.806034483,0.320126783,0.504310345,0.217115689,0.854014599
test,20378,1,data/test/img\20378.png,data/test/img\20378_GT.png,gt,patches\test\1\20378_1.png,145,0,71,69,3803,182,30,0.784482759,0.046875,0.306034483,0.1078125,1.028985507
test,20121,1,data/test/img\20121.png,data/test/img\20121_GT.png,gt,patches\test\1\20121_1.png,19,121,164,98,7717,104,170,0.454148472,0.263565891,0.716157205,0.151937984,1.673469388
test,20068,1,data/test/img\20068.png,data/test/img\20068_GT.png,gt,patches\test\1\20068_1.png,135,428,52,80,2863,160,467,0.695652174,0.733124019,0.226086957,0.125588697,0.65
test,20669,1,data/test/img\20669.png,data/test/img\20669_GT.png,gt,patches\test\1\20669_1.png,75,0,70,200,8157,108,96,0.465517241,0.149765991,0.301724138,0.31201248,0.35
test,20139,1,data/test/img\20139.png,data/test/img\20139_GT.png,gt,patches\test\1\20139_1.png,121,155,27,51,885,136,176,0.644549763,0.277602524,0.127962085,0.08044164,0.529411765
test,20155,1,data/test/img\20155.png,data/test/img\20155_GT.png,gt,patches\test\1\20155_1.png,0,270,79,23,1477,36,281,0.156521739,0.443917852,0.343478261,0.036334913,3.434782609
