filename,x_norm,y_norm,w_norm,h_norm,area_norm,aspect_ratio,orientation,x,y,w,h,class_id,patch_path
10273,0.3782608695652174,0.0,0.2434782608695652,0.2698907956318253,0.06571254154514,0.3236994219653179,1,87,0,56,173,2,runs/kolektor_patches\class_3\10273_0.png
11549,0.2962962962962963,0.5362776025236593,0.1388888888888889,0.1230283911671924,0.0170872765509989,0.3846153846153846,1,64,340,30,78,1,runs/kolektor_patches\class_1\11549_1.png
11549,0.2824074074074074,0.638801261829653,0.0092592592592592,0.0078864353312302,7.302254936324337e-05,0.4,1,61,405,2,5,1,runs/kolektor_patches\class_1\11549_2.png
11549,0.0,0.8359621451104101,0.0925925925925925,0.1640378548895899,0.0151886902675546,0.1923076923076923,1,0,530,20,104,1,runs/kolektor_patches\class_1\11549_3.png
11755,0.0643776824034334,0.5141065830721003,0.3261802575107296,0.0438871473354232,0.0143151210192796,2.7142857142857144,0,15,328,76,28,1,runs/kolektor_patches\class_1\11755_4.png
11899,0.0,0.375,0.3392070484581498,0.1993670886075949,0.0676267216862767,0.6111111111111112,1,0,237,77,126,0,runs/kolektor_patches\class_0\11899_5.png
10135,0.0347826086956521,0.0866873065015479,0.3,0.1594427244582043,0.0478328173374613,0.6699029126213593,1,8,56,69,103,0,runs/kolektor_patches\class_0\10135_6.png
10244,0.5454545454545454,0.9049844236760124,0.1774891774891775,0.0950155763239875,0.0168642364904047,0.6721311475409836,1,126,581,41,61,3,runs/kolektor_patches\class_4\10244_7.png
11775,0.6986899563318777,0.4344391785150079,0.3013100436681222,0.0963665086887835,0.0290361969411618,1.1311475409836065,0,160,275,69,61,3,runs/kolektor_patches\class_4\11775_8.png
10952,0.0,0.7076205287713841,0.8728070175438597,0.2052877138413686,0.1791765572562822,1.5075757575757576,0,0,455,199,132,1,runs/kolektor_patches\class_1\10952_9.png
10707,0.0,0.3552425665101721,0.1287553648068669,0.0500782472613458,0.006447842995023,0.9375,1,0,227,30,32,0,runs/kolektor_patches\class_0\10707_10.png
10309,0.0220264317180616,0.2440944881889764,0.9779735682819384,0.3811023622047244,0.37270803704603,0.9173553719008264,1,5,155,222,242,0,runs/kolektor_patches\class_0\10309_11.png
11658,0.8859649122807017,0.5235109717868338,0.1140350877192982,0.0172413793103448,0.0019661222020568,2.363636363636364,0,202,334,26,11,3,runs/kolektor_patches\class_4\11658_12.png
10344,0.1391304347826087,0.0063091482649842,0.1608695652173913,0.0694006309148265,0.0111644493210807,0.8409090909090909,1,32,4,37,44,0,runs/kolektor_patches\class_0\10344_13.png
10426,0.2925764192139738,0.6484375,0.2052401746724891,0.0703125,0.0144309497816593,1.0444444444444445,0,67,415,47,45,1,runs/kolektor_patches\class_1\10426_14.png
10354,0.1822222222222222,0.9203821656050956,0.2577777777777778,0.0796178343949044,0.0205237084217975,1.16,0,41,578,58,50,1,runs/kolektor_patches\class_1\10354_15.png
11444,0.1446808510638297,0.035548686244204,0.1404255319148936,0.035548686244204,0.004991943174718,1.434782608695652,0,34,23,33,23,0,runs/kolektor_patches\class_0\11444_16.png
11444,0.1148936170212766,0.312210200927357,0.0851063829787234,0.0571870170015456,0.0048669801703443,0.5405405405405406,1,27,202,20,37,0,runs/kolektor_patches\class_0\11444_17.png
11444,0.076595744680851,0.6136012364760433,0.1659574468085106,0.0680061823802163,0.0112861323950146,0.8863636363636364,1,18,397,39,44,1,runs/kolektor_patches\class_1\11444_18.png
10402,0.6008771929824561,0.4680187207488299,0.3026315789473684,0.0499219968798752,0.0151079727399622,2.15625,0,137,300,69,32,3,runs/kolektor_patches\class_4\10402_19.png
11920,0.0,0.5588697017268446,0.1341991341991342,0.0313971742543171,0.0042134736012287,1.55,0,0,356,31,20,1,runs/kolektor_patches\class_1\11920_20.png
11601,0.6738197424892703,0.4230171073094868,0.278969957081545,0.1166407465007776,0.0325392640452813,0.8666666666666667,1,157,272,65,75,3,runs/kolektor_patches\class_4\11601_21.png
11957,0.8672566371681416,0.0,0.1327433628318584,0.0904836193447738,0.012011099913023,0.5172413793103449,1,196,0,30,58,2,runs/kolektor_patches\class_3\11957_22.png
10021,0.0,0.0,0.293859649122807,0.1525423728813559,0.0448260481712756,0.6767676767676768,1,0,0,67,99,0,runs/kolektor_patches\class_0\10021_23.png
10478,0.537117903930131,0.779874213836478,0.462882096069869,0.1525157232704402,0.0705967976710334,1.092783505154639,0,123,496,106,97,3,runs/kolektor_patches\class_4\10478_24.png
10638,0.0,0.6996904024767802,0.5364583333333334,0.3003095975232198,0.1611035861713106,0.5309278350515464,1,0,452,103,194,1,runs/kolektor_patches\class_1\10638_25.png
10612,0.6666666666666666,0.4770932069510268,0.2511415525114155,0.1121642969984202,0.0281691156845347,0.7746478873239436,1,146,302,55,71,3,runs/kolektor_patches\class_4\10612_26.png
10516,0.0,0.0284360189573459,0.5474137931034483,0.1421800947867298,0.0778313449910116,1.4111111111111112,0,0,18,127,90,0,runs/kolektor_patches\class_0\10516_27.png
11269,0.2457627118644068,0.3582554517133956,0.0762711864406779,0.0171339563862928,0.0013068271820053,1.6363636363636365,0,58,230,18,11,0,runs/kolektor_patches\class_0\11269_28.png
11250,0.5043103448275862,0.6138147566718996,0.4913793103448275,0.0894819466248037,0.0439695772208087,2.0,0,117,391,114,57,3,runs/kolektor_patches\class_4\11250_29.png
10677,0.8382978723404255,0.9655712050078248,0.0468085106382978,0.0140845070422535,0.0006592747977225,1.2222222222222223,0,197,617,11,9,3,runs/kolektor_patches\class_4\10677_30.png
12233,0.2707423580786026,0.3536,0.7292576419213974,0.1408,0.1026794759825327,1.8977272727272727,0,62,221,167,88,0,runs/kolektor_patches\class_0\12233_31.png
11969,0.6960352422907489,0.7745571658615137,0.0881057268722467,0.074074074074074,0.0065263501386849,0.4347826086956521,1,158,481,20,46,3,runs/kolektor_patches\class_4\11969_32.png
11770,0.0,0.6977848101265823,0.4508928571428571,0.3022151898734177,0.1362666704339963,0.5287958115183246,1,0,441,101,191,1,runs/kolektor_patches\class_1\11770_33.png
10569,0.0,0.7570093457943925,0.5414847161572053,0.2429906542056074,0.1315757254213769,0.7948717948717948,1,0,486,124,156,1,runs/kolektor_patches\class_1\10569_34.png
11851,0.3362068965517241,0.84472049689441,0.1206896551724138,0.15527950310559,0.0187406296851574,0.28,1,78,544,28,100,1,runs/kolektor_patches\class_1\11851_35.png
12301,0.5589519650655022,0.0,0.4410480349344978,0.0971786833855799,0.0428604673447317,1.6290322580645162,0,128,0,101,62,2,runs/kolektor_patches\class_3\12301_36.png
11641,0.0562770562770562,0.2204724409448819,0.1168831168831168,0.0314960629921259,0.0036813580120666,1.35,0,13,140,27,20,0,runs/kolektor_patches\class_0\11641_37.png
11641,0.1645021645021645,0.2440944881889764,0.1601731601731601,0.0377952755905511,0.006053788730954,1.5416666666666667,0,38,155,37,24,0,runs/kolektor_patches\class_0\11641_38.png
11870,0.0478260869565217,0.0,0.1652173913043478,0.2414330218068535,0.039888934037654,0.2451612903225806,1,11,0,38,155,0,runs/kolektor_patches\class_0\11870_39.png
10905,0.1929824561403508,0.4150943396226415,0.4692982456140351,0.0471698113207547,0.0221367096987752,3.566666666666667,0,44,264,107,30,1,runs/kolektor_patches\class_1\10905_40.png
11912,0.8782608695652174,0.6803149606299213,0.0521739130434782,0.0204724409448818,0.001068127353646,0.9230769230769232,1,202,432,12,13,3,runs/kolektor_patches\class_4\11912_41.png
10258,0.0913043478260869,0.4546875,0.7608695652173914,0.1390625,0.1058084239130434,1.9662921348314608,0,21,291,175,89,1,runs/kolektor_patches\class_1\10258_42.png
12071,0.1212121212121212,0.0,0.7922077922077922,0.4589905362776025,0.36361587938875,0.6288659793814433,1,28,0,183,291,0,runs/kolektor_patches\class_0\12071_43.png
10421,0.0,0.5413416536661466,1.0,0.1232449297971918,0.1232449297971918,2.911392405063291,0,0,347,230,79,1,runs/kolektor_patches\class_1\10421_44.png
12070,0.6217391304347826,0.4875,0.3478260869565217,0.028125,0.0097826086956521,4.444444444444445,0,143,312,80,18,3,runs/kolektor_patches\class_4\12070_45.png
11986,0.3434782608695652,0.4842767295597484,0.3260869565217391,0.0283018867924528,0.0092288761279737,4.166666666666667,0,79,308,75,18,1,runs/kolektor_patches\class_1\11986_46.png
10583,0.5427350427350427,0.4170542635658915,0.1025641025641025,0.0744186046511627,0.0076326774001192,0.5,1,127,269,24,48,3,runs/kolektor_patches\class_4\10583_47.png
10583,0.6709401709401709,0.5255813953488372,0.0213675213675213,0.0170542635658914,0.0003644073411515,0.4545454545454545,1,157,339,5,11,3,runs/kolektor_patches\class_4\10583_48.png
12131,0.6434782608695652,0.7882736156351792,0.217391304347826,0.0993485342019544,0.0215975074352074,0.819672131147541,1,148,484,50,61,3,runs/kolektor_patches\class_4\12131_49.png
11214,0.0,0.2700156985871271,1.0,0.379905808477237,0.379905808477237,0.9545454545454546,1,0,172,231,242,0,runs/kolektor_patches\class_0\11214_50.png
10659,0.7488789237668162,0.9538950715421304,0.2331838565022421,0.0461049284578696,0.010750925021566,1.793103448275862,0,167,600,52,29,3,runs/kolektor_patches\class_4\10659_51.png
11388,0.4829059829059829,0.3965244865718799,0.4102564102564102,0.0568720379146919,0.0233321181188479,2.6666666666666665,0,113,251,96,36,3,runs/kolektor_patches\class_4\11388_52.png
11927,0.5589519650655022,0.4623824451410658,0.2358078602620087,0.0235109717868338,0.0055440719497337,3.6,0,128,295,54,15,3,runs/kolektor_patches\class_4\11927_53.png
11590,0.0,0.0,0.7268722466960352,0.1477449455676516,0.1073917005227423,1.736842105263158,0,0,0,165,95,0,runs/kolektor_patches\class_0\11590_54.png
10047,0.0,0.6750392464678179,0.8138528138528138,0.3249607535321821,0.2644702236538971,0.9082125603864736,1,0,430,188,207,1,runs/kolektor_patches\class_1\10047_55.png
11458,0.6283185840707964,0.5354330708661418,0.1327433628318584,0.0314960629921259,0.0041808933175388,1.5,0,142,340,30,20,3,runs/kolektor_patches\class_4\11458_56.png
10849,0.0,0.2259083728278041,0.0909090909090909,0.1406003159557662,0.0127818469050696,0.2359550561797752,1,0,143,21,89,0,runs/kolektor_patches\class_0\10849_57.png
10849,0.8225108225108225,0.3175355450236967,0.1774891774891775,0.0884676145339652,0.015702044138063,0.7321428571428571,1,190,201,41,56,2,runs/kolektor_patches\class_3\10849_58.png
10711,0.463519313304721,0.6693163751987281,0.0686695278969957,0.0238473767885532,0.0016375881056517,1.0666666666666669,0,108,421,16,15,3,runs/kolektor_patches\class_4\10711_59.png
10557,0.6177777777777778,0.8,0.1866666666666666,0.0913385826771653,0.0170498687664042,0.7241379310344828,1,139,508,42,58,3,runs/kolektor_patches\class_4\10557_60.png
11430,0.2652173913043478,0.3815580286168522,0.4217391304347826,0.1033386327503974,0.0435819451164719,1.4923076923076923,0,61,240,97,65,0,runs/kolektor_patches\class_0\11430_61.png
11612,0.4497816593886463,0.046875,0.5502183406113537,0.6609375,0.3636599344978166,0.2978723404255319,1,103,30,126,423,2,runs/kolektor_patches\class_3\11612_62.png
10159,0.0960698689956331,0.1191950464396284,0.4759825327510917,0.4117647058823529,0.1959928076033907,0.4097744360902255,1,22,77,109,266,0,runs/kolektor_patches\class_0\10159_63.png
11543,0.0565217391304347,0.0,0.2347826086956521,0.119047619047619,0.0279503105590062,0.72,1,13,0,54,75,0,runs/kolektor_patches\class_0\11543_64.png
12191,0.0521739130434782,0.4758942457231726,0.1130434782608695,0.1073094867807153,0.0121306376360808,0.3768115942028985,1,12,306,26,69,1,runs/kolektor_patches\class_1\12191_65.png
11512,0.0524017467248908,0.2772585669781931,0.0524017467248908,0.0358255451713395,0.0018773211443496,0.5217391304347826,1,12,178,12,23,0,runs/kolektor_patches\class_0\11512_66.png
10383,0.386046511627907,0.3742138364779874,0.2790697674418604,0.1289308176100629,0.0359806932865291,0.7317073170731707,1,83,238,60,82,2,runs/kolektor_patches\class_3\10383_67.png
11040,0.3073593073593073,0.9462875197472354,0.1471861471861472,0.0537124802527646,0.0079057330242164,1.0,0,71,599,34,34,1,runs/kolektor_patches\class_1\11040_68.png
11584,0.3728070175438596,0.5352112676056338,0.4956140350877193,0.1533646322378716,0.0760096642231556,1.153061224489796,0,85,342,113,98,3,runs/kolektor_patches\class_4\11584_69.png
10874,0.2707423580786026,0.457680250783699,0.0611353711790393,0.0141065830721003,0.0008624111921808,1.5555555555555556,0,62,292,14,9,1,runs/kolektor_patches\class_1\10874_70.png
10845,0.3809523809523809,0.2645669291338582,0.5757575757575758,0.0472440944881889,0.0272011453113815,4.433333333333334,0,88,168,133,30,2,runs/kolektor_patches\class_3\10845_71.png
10602,0.0,0.5217391304347826,0.2794759825327511,0.0527950310559006,0.0147549431771949,1.8823529411764703,0,0,336,64,34,1,runs/kolektor_patches\class_1\10602_72.png
11884,0.0389610389610389,0.2559241706161137,0.1904761904761904,0.0663507109004739,0.0126382306477093,1.0476190476190477,0,9,162,44,42,0,runs/kolektor_patches\class_0\11884_73.png
10352,0.0086580086580086,0.4069400630914827,0.2207792207792207,0.0552050473186119,0.0121881273300831,1.457142857142857,0,2,258,51,35,1,runs/kolektor_patches\class_1\10352_74.png
10352,0.5151515151515151,0.4227129337539432,0.29004329004329,0.0425867507886435,0.0123520013109918,2.4814814814814814,0,119,268,67,27,3,runs/kolektor_patches\class_4\10352_75.png
11002,0.2158590308370044,0.4764150943396226,0.4052863436123348,0.0597484276729559,0.0242152217881583,2.421052631578948,0,49,303,92,38,1,runs/kolektor_patches\class_1\11002_76.png
10382,0.3852813852813853,0.2377952755905512,0.6147186147186147,0.1968503937007874,0.1210076013225619,1.136,0,89,151,142,125,2,runs/kolektor_patches\class_3\10382_77.png
10506,0.2207792207792207,0.5255813953488372,0.3376623376623376,0.0387596899224806,0.0130876875062921,3.12,0,51,339,78,25,1,runs/kolektor_patches\class_1\10506_78.png
11568,0.4391304347826087,0.3640625,0.5608695652173913,0.0390625,0.0219089673913043,5.16,0,101,233,129,25,2,runs/kolektor_patches\class_3\11568_79.png
11874,0.0,0.0047694753577106,0.4890829694323144,0.4228934817170111,0.2068299997917259,0.4210526315789473,1,0,3,112,266,0,runs/kolektor_patches\class_0\11874_80.png
11242,0.2280701754385964,0.7990726429675425,0.4473684210526316,0.0819165378670788,0.0366468722036931,1.9245283018867925,0,52,517,102,53,1,runs/kolektor_patches\class_1\11242_81.png
10367,0.7424892703862661,0.4578696343402226,0.2446351931330472,0.0238473767885532,0.0058339076263842,3.8,0,173,288,57,15,3,runs/kolektor_patches\class_4\10367_82.png
10678,0.2036199095022624,0.2095238095238095,0.2443438914027149,0.1031746031746031,0.0252100840336134,0.8307692307692308,1,45,132,54,65,0,runs/kolektor_patches\class_0\10678_83.png
10301,0.4377682403433476,0.903875968992248,0.5107296137339056,0.0961240310077519,0.0490933892271351,1.9193548387096773,0,102,583,119,62,3,runs/kolektor_patches\class_4\10301_84.png
10536,0.0,0.0,0.3114035087719298,0.1804043545878693,0.0561785490163979,0.6120689655172413,1,0,0,71,116,0,runs/kolektor_patches\class_0\10536_85.png
11386,0.911504424778761,0.0923566878980891,0.0884955752212389,0.1528662420382165,0.0135279860210811,0.2083333333333333,1,206,58,20,96,2,runs/kolektor_patches\class_3\11386_86.png
11836,0.0480349344978165,0.9246467817896388,0.1834061135371179,0.075353218210361,0.0138202408944767,0.875,1,11,589,42,48,1,runs/kolektor_patches\class_1\11836_87.png
11804,0.53125,0.0579937304075235,0.3035714285714285,0.115987460815047,0.0352104791759964,0.918918918918919,1,119,37,68,74,2,runs/kolektor_patches\class_3\11804_88.png
11363,0.1774891774891775,0.8112,0.1731601731601731,0.0672,0.0116363636363636,0.9523809523809524,1,41,507,40,42,1,runs/kolektor_patches\class_1\11363_89.png
11363,0.0259740259740259,0.8992,0.0649350649350649,0.0448,0.0029090909090909,0.5357142857142857,1,6,562,15,28,1,runs/kolektor_patches\class_1\11363_90.png
10201,0.0,0.4100156494522691,0.5414847161572053,0.2472613458528951,0.1338882396758035,0.7848101265822784,1,0,262,124,158,1,runs/kolektor_patches\class_1\10201_91.png
10647,0.1558441558441558,0.6018808777429467,0.1818181818181818,0.061128526645768,0.0111142775719578,1.0769230769230769,0,36,384,42,39,1,runs/kolektor_patches\class_1\10647_92.png
10743,0.4260869565217391,0.0,0.4695652173913043,0.1344936708860759,0.0631535498073748,1.2705882352941176,0,98,0,108,85,2,runs/kolektor_patches\class_3\10743_93.png
12105,0.6608695652173913,0.5089722675367048,0.3391304347826087,0.065252854812398,0.0221292290233349,1.95,0,152,312,78,40,3,runs/kolektor_patches\class_4\12105_94.png
11101,0.0436681222707423,0.0,0.5065502183406113,0.277602523659306,0.1406196189715261,0.6590909090909091,1,10,0,116,176,0,runs/kolektor_patches\class_0\11101_95.png
10774,0.334763948497854,0.238244514106583,0.2360515021459227,0.0423197492163009,0.0099896403729465,2.037037037037037,0,78,152,55,27,0,runs/kolektor_patches\class_0\10774_96.png
11642,0.2532188841201717,0.0,0.4892703862660944,0.2272727272727272,0.111197815060476,0.7862068965517242,1,59,0,114,145,0,runs/kolektor_patches\class_0\11642_97.png
10797,0.7136363636363636,0.5079113924050633,0.2863636363636364,0.2009493670886075,0.0575445914844649,0.4960629921259842,1,157,321,63,127,3,runs/kolektor_patches\class_4\10797_98.png
10727,0.8405172413793104,0.05,0.0991379310344827,0.05,0.0049568965517241,0.71875,1,195,32,23,32,2,runs/kolektor_patches\class_3\10727_99.png
12141,0.0599078341013824,0.6451612903225806,0.0506912442396313,0.0935483870967742,0.0047420841385461,0.1896551724137931,1,13,400,11,58,1,runs/kolektor_patches\class_1\12141_100.png
11713,0.0,0.554160125588697,0.2620087336244541,0.0706436420722135,0.0185092511979598,1.3333333333333333,0,0,353,60,45,1,runs/kolektor_patches\class_1\11713_101.png
10045,0.8625592417061612,0.8385579937304075,0.0331753554502369,0.0078369905956112,0.0002599949486695,1.4,0,182,535,7,5,3,runs/kolektor_patches\class_4\10045_102.png
12081,0.6478260869565218,0.267515923566879,0.2347826086956521,0.0764331210191082,0.0179451675436167,1.125,0,149,168,54,48,2,runs/kolektor_patches\class_3\12081_103.png
11299,0.3982683982683982,0.2578125,0.2251082251082251,0.1140625,0.0256764069264069,0.7123287671232876,1,92,165,52,73,2,runs/kolektor_patches\class_3\11299_104.png
10869,0.0565217391304347,0.8195956454121306,0.8478260869565217,0.1275272161741835,0.1081209006694164,2.3780487804878048,0,13,527,195,82,1,runs/kolektor_patches\class_1\10869_105.png
11905,0.0043859649122807,0.0,0.2412280701754386,0.1812400635930047,0.0437201907790143,0.4824561403508772,1,1,0,55,114,0,runs/kolektor_patches\class_0\11905_106.png
11905,0.0,0.4308426073131955,0.0964912280701754,0.0429252782193958,0.0041419128106434,0.8148148148148148,1,0,271,22,27,1,runs/kolektor_patches\class_1\11905_107.png
11432,0.5238095238095238,0.4359375,0.1645021645021645,0.121875,0.0200487012987013,0.4871794871794871,1,121,279,38,78,3,runs/kolektor_patches\class_4\11432_108.png
11094,0.5633187772925764,0.8414442700156985,0.222707423580786,0.0502354788069073,0.0111878140574335,1.59375,0,129,536,51,32,3,runs/kolektor_patches\class_4\11094_109.png
11228,0.0,0.3881064162754303,0.3318965517241379,0.1611893583724569,0.0534981922184447,0.7475728155339806,1,0,248,77,103,1,runs/kolektor_patches\class_1\11228_110.png
11585,0.4241071428571428,0.838351822503962,0.5758928571428571,0.0776545166402535,0.0447206814580031,2.63265306122449,0,95,529,129,49,3,runs/kolektor_patches\class_4\11585_111.png
11616,0.0129310344827586,0.3307332293291731,0.146551724137931,0.0702028081123244,0.0102883425681854,0.7555555555555555,1,3,212,34,45,0,runs/kolektor_patches\class_0\11616_112.png
10499,0.0,0.8209876543209876,0.1697247706422018,0.1790123456790123,0.0303828293124929,0.3189655172413793,1,0,532,37,116,1,runs/kolektor_patches\class_1\10499_113.png
10672,0.3571428571428571,0.7618296529968455,0.2394957983193277,0.1561514195583596,0.0373976088858256,0.5757575757575758,1,85,483,57,99,3,runs/kolektor_patches\class_4\10672_114.png
12056,0.0,0.0,0.6086956521739131,0.2465116279069767,0.1500505561172901,0.8805031446540881,1,0,0,140,159,0,runs/kolektor_patches\class_0\12056_115.png
10206,0.0606060606060606,0.0,0.3203463203463203,0.407176287051482,0.1304374252892193,0.2835249042145594,1,14,0,74,261,0,runs/kolektor_patches\class_0\10206_116.png
12237,0.0,0.3996865203761755,0.4094827586206896,0.2115987460815047,0.0866460382661333,0.7037037037037037,1,0,255,95,135,1,runs/kolektor_patches\class_1\12237_117.png
12237,0.7974137931034483,0.4670846394984326,0.2025862068965517,0.0532915360501567,0.010796130148092,1.3823529411764706,0,185,298,47,34,3,runs/kolektor_patches\class_4\12237_118.png
10423,0.3679653679653679,0.5171875,0.1991341991341991,0.0703125,0.0140016233766233,1.022222222222222,0,85,331,46,45,3,runs/kolektor_patches\class_4\10423_119.png
10423,0.6536796536796536,0.5859375,0.1255411255411255,0.0875,0.0109848484848484,0.5178571428571429,1,151,375,29,56,3,runs/kolektor_patches\class_4\10423_120.png
11808,0.2806122448979591,0.0,0.6275510204081632,0.1962323390894819,0.1231458046326851,0.984,1,55,0,123,125,0,runs/kolektor_patches\class_0\11808_121.png
10254,0.1052631578947368,0.5180533751962323,0.1929824561403508,0.0989010989010989,0.0190861769809138,0.6984126984126984,1,24,330,44,63,1,runs/kolektor_patches\class_1\10254_122.png
11088,0.0,0.1507064364207221,0.5677966101694916,0.2417582417582417,0.137269510150866,0.8701298701298701,1,0,96,134,154,0,runs/kolektor_patches\class_0\11088_123.png
10637,0.3362445414847161,0.1475667189952904,0.3056768558951965,0.053375196232339,0.0163155621670905,2.0588235294117645,0,77,94,70,34,0,runs/kolektor_patches\class_0\10637_124.png
10654,0.0472103004291845,0.4622641509433962,0.51931330472103,0.0534591194968553,0.0277620320133883,3.5588235294117645,0,11,294,121,34,1,runs/kolektor_patches\class_1\10654_125.png
11500,0.0575221238938053,0.3222222222222222,0.4911504424778761,0.173015873015873,0.084976822587442,1.018348623853211,0,13,203,111,109,0,runs/kolektor_patches\class_0\11500_126.png
12201,0.0478260869565217,0.4976228209191759,0.4652173913043478,0.0665610142630744,0.030965341418039,2.5476190476190474,0,11,314,107,42,1,runs/kolektor_patches\class_1\12201_127.png
12287,0.2164502164502164,0.2717219589257504,0.2683982683982684,0.1042654028436018,0.0279846535770706,0.9393939393939394,1,50,172,62,66,0,runs/kolektor_patches\class_0\12287_128.png
11573,0.296137339055794,0.470404984423676,0.4592274678111588,0.0669781931464174,0.0307582260371959,2.488372093023256,0,69,302,107,43,1,runs/kolektor_patches\class_1\11573_129.png
12244,0.6157205240174672,0.0,0.3187772925764192,0.0516129032258064,0.0164530215523313,2.28125,0,141,0,73,32,2,runs/kolektor_patches\class_3\12244_130.png
10312,0.2467532467532467,0.758998435054773,0.3506493506493506,0.0500782472613458,0.0175599048838485,2.53125,0,57,485,81,32,1,runs/kolektor_patches\class_1\10312_131.png
10312,0.6363636363636364,0.7715179968701096,0.2987012987012987,0.1549295774647887,0.0462776659959758,0.696969696969697,1,147,493,69,99,3,runs/kolektor_patches\class_4\10312_132.png
11398,0.6044444444444445,0.3709428129829984,0.3955555555555555,0.1808346213292117,0.0715301391035548,0.7606837606837606,1,136,240,89,117,2,runs/kolektor_patches\class_3\11398_133.png
12255,0.0,0.060064935064935,0.0956521739130434,0.125,0.0119565217391304,0.2857142857142857,1,0,37,22,77,0,runs/kolektor_patches\class_0\12255_134.png
12041,0.8820960698689956,0.2725832012678288,0.0829694323144104,0.0427892234548335,0.003550197579222,0.7037037037037037,1,202,172,19,27,2,runs/kolektor_patches\class_3\12041_135.png
10223,0.1298701298701298,0.3672839506172839,0.5454545454545454,0.1589506172839506,0.0867003367003367,1.2233009708737863,0,30,238,126,103,0,runs/kolektor_patches\class_0\10223_136.png
12008,0.0085470085470085,0.5491419656786272,0.3803418803418803,0.2308892355694227,0.0878168460071736,0.6013513513513513,1,2,352,89,148,1,runs/kolektor_patches\class_1\12008_137.png
11052,0.0,0.0,0.2444444444444444,0.0828025477707006,0.0202406227883934,1.0576923076923077,0,0,0,55,52,0,runs/kolektor_patches\class_0\11052_138.png
11052,0.0,0.1035031847133758,0.1377777777777777,0.1226114649681528,0.0168931351733899,0.4025974025974026,1,0,65,31,77,0,runs/kolektor_patches\class_0\11052_139.png
10145,0.1956521739130435,0.8364779874213837,0.1521739130434782,0.0723270440251572,0.0110062893081761,0.7608695652173914,1,45,532,35,46,1,runs/kolektor_patches\class_1\10145_140.png
11669,0.4206008583690987,0.8021638330757341,0.3261802575107296,0.1885625965996908,0.061505396315779,0.6229508196721312,1,98,519,76,122,3,runs/kolektor_patches\class_4\11669_141.png
11135,0.0,0.3566878980891719,0.148471615720524,0.1449044585987261,0.0215141990932606,0.3736263736263736,1,0,224,34,91,0,runs/kolektor_patches\class_0\11135_142.png
12274,0.1695652173913043,0.7774244833068362,0.2739130434782608,0.0874403815580286,0.02395106103546,1.1454545454545455,0,39,489,63,55,1,runs/kolektor_patches\class_1\12274_143.png
10157,0.0,0.0,0.2683982683982684,0.2311248073959938,0.062033498088968,0.4133333333333333,1,0,0,62,150,0,runs/kolektor_patches\class_0\10157_144.png
10337,0.0260869565217391,0.5524691358024691,0.108695652173913,0.1496913580246913,0.0162707997852925,0.2577319587628865,1,6,358,25,97,1,runs/kolektor_patches\class_1\10337_145.png
11800,0.0,0.0,0.1574074074074074,0.268370607028754,0.0422435214767483,0.2023809523809523,1,0,0,34,168,0,runs/kolektor_patches\class_0\11800_146.png
12303,0.0,0.096875,0.5991379310344828,0.225,0.1348060344827586,0.9652777777777778,1,0,62,139,144,0,runs/kolektor_patches\class_0\12303_147.png
11477,0.5521739130434783,0.4735202492211838,0.4478260869565217,0.0623052959501557,0.0279019368820262,2.575,0,127,304,103,40,3,runs/kolektor_patches\class_4\11477_148.png
10661,0.1373390557939914,0.5224358974358975,0.4806866952789699,0.0641025641025641,0.0308132496973698,2.8,0,32,326,112,40,1,runs/kolektor_patches\class_1\10661_149.png
11282,0.4210526315789473,0.3761904761904762,0.2061403508771929,0.0904761904761904,0.0186507936507936,0.8245614035087719,1,96,237,47,57,2,runs/kolektor_patches\class_3\11282_150.png
10900,0.4327731092436975,0.0,0.1386554621848739,0.0778816199376947,0.0107987120081677,0.66,1,103,0,33,50,2,runs/kolektor_patches\class_3\10900_151.png
11956,0.7532467532467533,0.095163806552262,0.1515151515151515,0.1138845553822152,0.017255235663972,0.4794520547945205,1,174,61,35,73,2,runs/kolektor_patches\class_3\11956_152.png
11956,0.3636363636363636,0.4586583463338533,0.1082251082251082,0.0187207488299532,0.0020260550681767,2.083333333333333,0,84,294,25,12,3,runs/kolektor_patches\class_4\11956_153.png
10648,0.8289473684210527,0.3025078369905956,0.1228070175438596,0.0360501567398119,0.0044272122312049,1.2173913043478262,0,189,193,28,23,2,runs/kolektor_patches\class_3\10648_154.png
10502,0.2894736842105263,0.0372093023255813,0.0614035087719298,0.0341085271317829,0.002094383244934,0.6363636363636364,1,66,24,14,22,0,runs/kolektor_patches\class_0\10502_155.png
10414,0.1306306306306306,0.5333333333333333,0.5585585585585585,0.1238095238095238,0.0691548691548691,1.5897435897435896,0,29,336,124,78,1,runs/kolektor_patches\class_1\10414_156.png
10057,0.2478260869565217,0.5546875,0.1826086956521739,0.0953125,0.0174048913043478,0.6885245901639344,1,57,355,42,61,1,runs/kolektor_patches\class_1\10057_157.png
11506,0.8053097345132744,0.0,0.1946902654867256,0.0410094637223974,0.0079841433795818,1.6923076923076923,0,182,0,44,26,2,runs/kolektor_patches\class_3\11506_158.png
10306,0.0,0.592948717948718,0.5108225108225108,0.3830128205128205,0.1956515706515706,0.4937238493723849,1,0,370,118,239,1,runs/kolektor_patches\class_1\10306_159.png
10235,0.3449781659388646,0.5118483412322274,0.6550218340611353,0.3744075829383886,0.2452451416626999,0.6329113924050633,1,79,324,150,237,1,runs/kolektor_patches\class_1\10235_160.png
12315,0.4847161572052402,0.1949286846275753,0.314410480349345,0.1870047543581616,0.0587962546453608,0.6101694915254238,1,111,123,72,118,2,runs/kolektor_patches\class_3\12315_161.png
10487,0.2463768115942029,0.4575471698113207,0.2125603864734299,0.0298742138364779,0.0063500744386716,2.3157894736842106,0,51,291,44,19,1,runs/kolektor_patches\class_1\10487_162.png
11404,0.0308370044052863,0.8443396226415094,0.3171806167400881,0.1556603773584905,0.0493724544925608,0.7272727272727273,1,7,537,72,99,1,runs/kolektor_patches\class_1\11404_163.png
10335,0.875,0.6078125,0.125,0.028125,0.003515625,1.6111111111111112,0,203,389,29,18,3,runs/kolektor_patches\class_4\10335_164.png
11867,0.6347826086956522,0.6337579617834395,0.0565217391304347,0.0477707006369426,0.0027000830794793,0.4333333333333333,1,146,398,13,30,3,runs/kolektor_patches\class_4\11867_165.png
12160,0.6299559471365639,0.2870813397129186,0.2026431718061674,0.2089314194577352,0.0423385255288802,0.3511450381679389,1,143,180,46,131,2,runs/kolektor_patches\class_3\12160_166.png
11746,0.4824561403508772,0.0360501567398119,0.2807017543859649,0.1567398119122257,0.0439971401858879,0.64,1,110,23,64,100,2,runs/kolektor_patches\class_3\11746_167.png
11746,0.8859649122807017,0.3981191222570533,0.1140350877192982,0.1379310344827586,0.0157289776164549,0.2954545454545454,1,202,254,26,88,3,runs/kolektor_patches\class_4\11746_168.png
11980,0.0,0.0,0.1168831168831168,0.1638065522620904,0.0191462203942703,0.2571428571428571,1,0,0,27,105,0,runs/kolektor_patches\class_0\11980_169.png
11178,0.6351931330472103,0.755868544600939,0.3648068669527897,0.1643192488262911,0.0599447903443551,0.8095238095238095,1,148,483,85,105,3,runs/kolektor_patches\class_4\11178_170.png
10208,0.25,0.7559808612440191,0.5964912280701754,0.1451355661881977,0.0865720921122583,1.4945054945054943,0,57,474,136,91,1,runs/kolektor_patches\class_1\10208_171.png
11350,0.0391304347826087,0.5623052959501558,0.4695652173913043,0.0545171339563862,0.0255993498577813,3.085714285714286,0,9,361,108,35,1,runs/kolektor_patches\class_1\11350_172.png
12317,0.0472103004291845,0.6645669291338583,0.3648068669527897,0.0598425196850393,0.0218309621168598,2.236842105263158,0,11,422,85,38,1,runs/kolektor_patches\class_1\12317_173.png
12317,0.0,0.7858267716535433,0.1716738197424892,0.058267716535433,0.0100030414653103,1.0810810810810811,0,0,499,40,37,1,runs/kolektor_patches\class_1\12317_174.png
11917,0.0,0.0,0.1739130434782608,0.3390894819466248,0.0589720838168043,0.1851851851851851,1,0,0,40,216,0,runs/kolektor_patches\class_0\11917_175.png
11917,0.017391304347826,0.8728414442700158,0.7,0.1271585557299843,0.089010989010989,1.9876543209876545,0,4,556,161,81,1,runs/kolektor_patches\class_1\11917_176.png
10060,0.2324561403508772,0.0,0.2324561403508772,0.0769230769230769,0.017881241565452,1.0816326530612246,0,53,0,53,49,0,runs/kolektor_patches\class_0\10060_177.png
10585,0.1578947368421052,0.436532507739938,0.8421052631578947,0.131578947368421,0.1108033240997229,2.2588235294117647,0,36,282,192,85,1,runs/kolektor_patches\class_1\10585_178.png
11187,0.3277310924369748,0.8982785602503912,0.1386554621848739,0.1017214397496087,0.0141042332425928,0.5076923076923077,1,78,574,33,65,1,runs/kolektor_patches\class_1\11187_179.png
11364,0.5021097046413502,0.403076923076923,0.1308016877637131,0.0353846153846153,0.0046283674131775,1.3478260869565215,0,119,262,31,23,3,runs/kolektor_patches\class_4\11364_180.png
10514,0.5087719298245614,0.5306122448979592,0.2763157894736842,0.0423861852433281,0.011711972238288,2.333333333333333,0,116,338,63,27,3,runs/kolektor_patches\class_4\10514_181.png
10770,0.5130434782608696,0.4640625,0.1913043478260869,0.053125,0.0101630434782608,1.2941176470588236,0,118,297,44,34,3,runs/kolektor_patches\class_4\10770_182.png
12216,0.6593886462882096,0.0,0.2052401746724891,0.0881889763779527,0.018099920915999,0.8392857142857143,1,151,0,47,56,2,runs/kolektor_patches\class_3\12216_183.png
12216,0.1834061135371179,0.4582677165354331,0.3275109170305676,0.1417322834645669,0.0464188701303166,0.8333333333333334,1,42,291,75,90,1,runs/kolektor_patches\class_1\12216_184.png
11923,0.1091703056768559,0.4381846635367762,0.8908296943231441,0.1987480438184663,0.1770506591221272,1.6062992125984252,0,25,280,204,127,1,runs/kolektor_patches\class_1\11923_185.png
10756,0.4034334763948498,0.848297213622291,0.3047210300429184,0.1517027863777089,0.0462270293253962,0.7244897959183674,1,94,548,71,98,3,runs/kolektor_patches\class_4\10756_186.png
10090,0.0,0.8963893249607535,0.1913043478260869,0.0361067503924646,0.0069073783359497,1.9130434782608696,0,0,571,44,23,1,runs/kolektor_patches\class_1\10090_187.png
10247,0.4824561403508772,0.8116169544740973,0.4429824561403508,0.1695447409733124,0.0751053457820375,0.9351851851851852,1,110,517,101,108,3,runs/kolektor_patches\class_4\10247_188.png
10247,0.6885964912280702,0.8163265306122449,0.0043859649122807,0.0031397174254317,1.3770690462419783e-05,0.5,1,157,520,1,2,3,runs/kolektor_patches\class_4\10247_189.png
11230,0.8290598290598291,0.4075235109717868,0.047008547008547,0.0109717868338558,0.000515767757147,1.5714285714285714,0,194,260,11,7,3,runs/kolektor_patches\class_4\11230_190.png
11662,0.108695652173913,0.75,0.1304347826086956,0.0597484276729559,0.0077932731747333,0.7894736842105263,1,25,477,30,38,1,runs/kolektor_patches\class_1\11662_191.png
10403,0.2222222222222222,0.6141975308641975,0.094017094017094,0.1172839506172839,0.0110266962118813,0.2894736842105263,1,52,398,22,76,1,runs/kolektor_patches\class_1\10403_192.png
11553,0.1921397379912663,0.4825396825396825,0.1091703056768559,0.0476190476190476,0.0051985859846121,0.8333333333333334,1,44,304,25,30,1,runs/kolektor_patches\class_1\11553_193.png
10951,0.0,0.5424528301886793,0.3039647577092511,0.0581761006289308,0.0176834843321419,1.864864864864865,0,0,345,69,37,1,runs/kolektor_patches\class_1\10951_194.png
11482,0.9148936170212766,0.0727848101265822,0.0808510638297872,0.0363924050632911,0.0029423646646916,0.8260869565217391,1,215,46,19,23,2,runs/kolektor_patches\class_3\11482_195.png
11858,0.0732758620689655,0.8580542264752791,0.1422413793103448,0.1419457735247209,0.0201905626134301,0.3707865168539326,1,17,538,33,89,1,runs/kolektor_patches\class_1\11858_196.png
12245,0.0,0.8979591836734694,0.4608695652173913,0.0675039246467817,0.0311105044024298,2.4651162790697674,0,0,572,106,43,1,runs/kolektor_patches\class_1\12245_197.png
10308,0.5859030837004405,0.6864274570982839,0.4140969162995594,0.2496099843993759,0.1033627248173627,0.5875,1,133,440,94,160,3,runs/kolektor_patches\class_4\10308_198.png
10308,0.5814977973568282,0.797191887675507,0.0044052863436123,0.0046801872074883,2.0617564790697357e-05,0.3333333333333333,1,132,511,1,3,3,runs/kolektor_patches\class_4\10308_199.png
11924,0.3449781659388646,0.4542635658914729,0.2838427947598253,0.055813953488372,0.0158423885447344,1.805555555555556,0,79,293,65,36,1,runs/kolektor_patches\class_1\11924_200.png
11195,0.6212765957446809,0.0,0.3787234042553191,0.1128526645768025,0.0427399453078103,1.2361111111111112,0,146,0,89,72,2,runs/kolektor_patches\class_3\11195_201.png
12080,0.1913043478260869,0.3131955484896661,0.6217391304347826,0.0842607313195548,0.0523881938204188,2.69811320754717,0,44,197,143,53,0,runs/kolektor_patches\class_0\12080_202.png
11351,0.0,0.6550079491255962,0.0995475113122171,0.2559618441971383,0.0254803645807106,0.1366459627329192,1,0,412,22,161,1,runs/kolektor_patches\class_1\11351_203.png
10401,0.3189655172413793,0.4217054263565891,0.3793103448275862,0.1581395348837209,0.0599839615076182,0.8627450980392157,1,74,272,88,102,1,runs/kolektor_patches\class_1\10401_204.png
10554,0.2241379310344827,0.6947535771065183,0.5862068965517241,0.1240063593004769,0.0726933830382106,1.7435897435897436,0,52,437,136,78,1,runs/kolektor_patches\class_1\10554_205.png
11632,0.6796536796536796,0.6081504702194357,0.1601731601731601,0.0642633228840125,0.0102932595095604,0.902439024390244,1,157,388,37,41,3,runs/kolektor_patches\class_4\11632_206.png
11739,0.8598130841121495,0.0625978090766823,0.0841121495327102,0.1001564945226917,0.0084243780439647,0.28125,1,184,40,18,64,2,runs/kolektor_patches\class_3\11739_207.png
11025,0.0735930735930736,0.2559241706161137,0.2207792207792207,0.0853080568720379,0.0188342463223979,0.9444444444444444,1,17,162,51,54,0,runs/kolektor_patches\class_0\11025_208.png
10663,0.1645569620253164,0.0,0.2320675105485232,0.0671875,0.0155920358649789,1.2790697674418603,0,39,0,55,43,0,runs/kolektor_patches\class_0\10663_209.png
10466,0.0,0.6203125,0.1917808219178082,0.16875,0.0323630136986301,0.3888888888888889,1,0,397,42,108,1,runs/kolektor_patches\class_1\10466_210.png
11139,0.7368421052631579,0.2916006339144215,0.1929824561403508,0.1521394611727416,0.0293602468929852,0.4583333333333333,1,168,184,44,96,2,runs/kolektor_patches\class_3\11139_211.png
11139,0.0,0.3977812995245642,0.2105263157894736,0.1204437400950871,0.0253565768621236,0.631578947368421,1,0,251,48,76,1,runs/kolektor_patches\class_1\11139_212.png
11139,0.4912280701754385,0.4041204437400951,0.087719298245614,0.0237717908082408,0.0020852448077404,1.3333333333333333,0,112,255,20,15,3,runs/kolektor_patches\class_4\11139_213.png
10907,0.0,0.6813880126182965,1.0,0.2318611987381703,0.2318611987381703,1.5374149659863945,0,0,432,226,147,1,runs/kolektor_patches\class_1\10907_214.png
11169,0.1276595744680851,0.4389489953632148,0.0936170212765957,0.0510046367851622,0.0047749021671215,0.6666666666666666,1,30,284,22,33,1,runs/kolektor_patches\class_1\11169_215.png
11012,0.0625,0.9082278481012658,0.1294642857142857,0.0522151898734177,0.0067600022603978,0.8787878787878788,1,14,574,29,33,1,runs/kolektor_patches\class_1\11012_216.png
11574,0.0,0.5921875,0.1774891774891775,0.4078125,0.0723823051948052,0.1570881226053639,1,0,379,41,261,1,runs/kolektor_patches\class_1\11574_217.png
10618,0.6359649122807017,0.4654088050314465,0.3640350877192982,0.0628930817610062,0.0228952885358049,2.075,0,145,296,83,40,3,runs/kolektor_patches\class_4\10618_218.png
11481,0.0,0.5332278481012658,0.3127753303964757,0.0300632911392405,0.0094030558188813,3.736842105263158,0,0,337,71,19,1,runs/kolektor_patches\class_1\11481_219.png
11711,0.1914893617021276,0.4487577639751552,0.2297872340425532,0.0434782608695652,0.0099907493061979,1.9285714285714288,0,45,289,54,28,1,runs/kolektor_patches\class_1\11711_220.png
10714,0.0130434782608695,0.8442367601246106,0.2782608695652174,0.0295950155763239,0.008235134769064,3.3684210526315788,0,3,542,64,19,1,runs/kolektor_patches\class_1\10714_221.png
12288,0.4323144104803493,0.1139240506329113,0.1615720524017467,0.0965189873417721,0.0155947708805483,0.6065573770491803,1,99,72,37,61,2,runs/kolektor_patches\class_3\12288_222.png
12288,0.2707423580786026,0.555379746835443,0.0698689956331877,0.0158227848101265,0.0011055220828036,1.6,0,62,351,16,10,1,runs/kolektor_patches\class_1\12288_223.png
12288,0.8908296943231441,0.8259493670886076,0.0218340611353711,0.0110759493670886,0.0002418329556132,0.7142857142857143,1,204,522,5,7,3,runs/kolektor_patches\class_4\12288_224.png
11447,0.0897435897435897,0.4644549763033175,0.4358974358974359,0.0995260663507109,0.0433831571272329,1.619047619047619,0,21,294,102,63,1,runs/kolektor_patches\class_1\11447_225.png
11190,0.1336206896551724,0.4332810047095761,0.396551724137931,0.0941915227629513,0.0373518107508255,1.5333333333333334,0,31,276,92,60,1,runs/kolektor_patches\class_1\11190_226.png
10281,0.2597402597402597,0.3203883495145631,0.3463203463203463,0.1213592233009708,0.0420291682427604,1.0666666666666669,0,60,198,80,75,0,runs/kolektor_patches\class_0\10281_227.png
12314,0.7205240174672489,0.0,0.2794759825327511,0.1352201257861635,0.0377907775122902,0.7441860465116279,1,165,0,64,86,2,runs/kolektor_patches\class_3\12314_228.png
11061,0.1353711790393013,0.5875968992248062,0.2139737991266375,0.1705426356589147,0.0364916556650079,0.4454545454545454,1,31,379,49,110,1,runs/kolektor_patches\class_1\11061_229.png
10345,0.6460176991150443,0.2960629921259842,0.1327433628318584,0.0503937007874015,0.0066894293080621,0.9375,1,146,188,30,32,2,runs/kolektor_patches\class_3\10345_230.png
10893,0.0044052863436123,0.526813880126183,0.198237885462555,0.0583596214511041,0.011569087952862,1.2162162162162162,0,1,334,45,37,1,runs/kolektor_patches\class_1\10893_231.png
11832,0.0,0.2358490566037736,0.2017543859649122,0.1179245283018868,0.023791790797749,0.6133333333333333,1,0,150,46,75,0,runs/kolektor_patches\class_0\11832_232.png
11003,0.0,0.2900158478605388,0.1830357142857142,0.1885895404120443,0.0345186212361331,0.3445378151260504,1,0,183,41,119,0,runs/kolektor_patches\class_0\11003_233.png
12179,0.7074235807860262,0.0,0.2925764192139738,0.1907790143084261,0.0558174408675307,0.5583333333333333,1,162,0,67,120,2,runs/kolektor_patches\class_3\12179_234.png
12179,0.2314410480349345,0.6915739268680445,0.611353711790393,0.3084260731319554,0.1885574246221562,0.7216494845360825,1,53,435,140,194,1,runs/kolektor_patches\class_1\12179_235.png
12109,0.5991379310344828,0.9240506329113924,0.1508620689655172,0.0522151898734177,0.0078772915757311,1.0606060606060606,0,139,584,35,33,3,runs/kolektor_patches\class_4\12109_236.png
11695,0.0346534653465346,0.71875,0.1485148514851485,0.0453125,0.0067295792079207,1.0344827586206895,0,7,460,30,29,1,runs/kolektor_patches\class_1\11695_237.png
10729,0.3922413793103448,0.1546875,0.0603448275862069,0.10625,0.0064116379310344,0.2058823529411764,1,91,99,14,68,2,runs/kolektor_patches\class_3\10729_238.png
11360,0.0833333333333333,0.5496894409937888,0.1271929824561403,0.108695652173913,0.0138253241800152,0.4142857142857143,1,19,354,29,70,1,runs/kolektor_patches\class_1\11360_239.png
10808,0.4336283185840708,0.3851030110935023,0.4557522123893805,0.4405705229793978,0.2007909905614069,0.3705035971223021,1,98,243,103,278,3,runs/kolektor_patches\class_4\10808_240.png
12026,0.1974248927038626,0.462992125984252,0.3862660944206008,0.0913385826771653,0.0352809976006218,1.5517241379310345,0,46,294,90,58,1,runs/kolektor_patches\class_1\12026_241.png
10065,0.314410480349345,0.3166926677067083,0.296943231441048,0.1029641185647426,0.0305744980890938,1.0303030303030305,0,72,203,68,66,0,runs/kolektor_patches\class_0\10065_242.png
11629,0.0,0.6363636363636364,0.4342105263157895,0.0987460815047022,0.0428765880217785,1.5714285714285714,0,0,406,99,63,1,runs/kolektor_patches\class_1\11629_243.png
11629,0.6447368421052632,0.7288401253918495,0.3552631578947368,0.219435736677116,0.0779574327668701,0.5785714285714286,1,147,465,81,140,3,runs/kolektor_patches\class_4\11629_244.png
11417,0.0,0.0,0.148471615720524,0.0441640378548895,0.0065571060570578,1.2142857142857142,0,0,0,34,28,0,runs/kolektor_patches\class_0\11417_245.png
10844,0.2819383259911894,0.2640625,0.0572687224669603,0.0140625,0.0008053414096916,1.4444444444444444,0,64,169,13,9,0,runs/kolektor_patches\class_0\10844_246.png
11962,0.1212121212121212,0.325,0.277056277056277,0.1140625,0.0316017316017316,0.8767123287671232,1,28,208,64,73,0,runs/kolektor_patches\class_0\11962_247.png
10821,0.5614035087719298,0.4810725552050473,0.4385964912280701,0.2097791798107255,0.0920084121976866,0.7518796992481203,1,128,305,100,133,3,runs/kolektor_patches\class_4\10821_248.png
10821,0.0175438596491228,0.6151419558359621,0.337719298245614,0.2003154574132492,0.0676503957053517,0.6062992125984252,1,4,390,77,127,1,runs/kolektor_patches\class_1\10821_249.png
12210,0.717391304347826,0.7906976744186046,0.2826086956521739,0.2093023255813953,0.0591506572295247,0.4814814814814814,1,165,510,65,135,3,runs/kolektor_patches\class_4\12210_250.png
10084,0.8571428571428571,0.1712439418416801,0.1038961038961039,0.1179321486268174,0.0122526907664225,0.3287671232876712,1,198,106,24,73,2,runs/kolektor_patches\class_3\10084_251.png
12146,0.4347826086956521,0.5295031055900621,0.4869565217391304,0.0667701863354037,0.0325141776937618,2.604651162790698,0,100,341,112,43,3,runs/kolektor_patches\class_4\12146_252.png
11315,0.0,0.5603053435114503,1.0,0.1954198473282442,0.1954198473282442,1.765625,0,0,367,226,128,1,runs/kolektor_patches\class_1\11315_253.png
10712,0.5021834061135371,0.4725274725274725,0.4716157205240174,0.1397174254317111,0.0658929342647371,1.2134831460674158,0,115,301,108,89,3,runs/kolektor_patches\class_4\10712_254.png
11258,0.5822784810126582,0.4976303317535545,0.3755274261603376,0.0410742496050552,0.0154245072356536,3.423076923076923,0,138,315,89,26,3,runs/kolektor_patches\class_4\11258_255.png
10396,0.0043478260869565,0.1252006420545746,0.1826086956521739,0.1187800963081862,0.0216902784562774,0.5675675675675675,1,1,78,42,74,0,runs/kolektor_patches\class_0\10396_256.png
11810,0.3722943722943723,0.4234375,0.2337662337662337,0.090625,0.0211850649350649,0.9310344827586208,1,86,271,54,58,3,runs/kolektor_patches\class_4\11810_257.png
10695,0.7180616740088106,0.6090342679127726,0.0969162995594713,0.0389408099688473,0.0037739992040292,0.88,1,163,391,22,25,3,runs/kolektor_patches\class_4\10695_258.png
10695,0.6872246696035242,0.8052959501557633,0.1762114537444934,0.0607476635514018,0.0107044341059738,1.0256410256410255,0,156,517,40,39,3,runs/kolektor_patches\class_4\10695_259.png
11750,0.0,0.1658841940532081,0.1578947368421052,0.3129890453834116,0.0494193229552755,0.18,1,0,106,36,200,0,runs/kolektor_patches\class_0\11750_260.png
10266,0.0982142857142857,0.6204724409448819,0.0669642857142857,0.0393700787401574,0.0026363892013498,0.6,1,22,394,15,25,1,runs/kolektor_patches\class_1\10266_261.png
11074,0.0,0.0,0.1446808510638297,0.2546583850931677,0.03684419188582,0.2073170731707317,1,0,0,34,164,0,runs/kolektor_patches\class_0\11074_262.png
10846,0.4935064935064935,0.8691588785046729,0.5064935064935064,0.1308411214953271,0.0662701784197111,1.3928571428571428,0,114,558,117,84,3,runs/kolektor_patches\class_4\10846_263.png
10028,0.1441048034934497,0.4510108864696734,0.3580786026200873,0.0559875583203732,0.0200479466474698,2.2777777777777777,0,33,290,82,36,1,runs/kolektor_patches\class_1\10028_264.png
10457,0.0,0.6342229199372057,0.0917030567685589,0.0549450549450549,0.0050386294927779,0.6,1,0,404,21,35,1,runs/kolektor_patches\class_1\10457_265.png
11670,0.6519823788546255,0.4544025157232704,0.3480176211453744,0.1776729559748427,0.0618333194802316,0.6991150442477876,1,148,289,79,113,3,runs/kolektor_patches\class_4\11670_266.png
10304,0.0259740259740259,0.5093457943925234,0.2424242424242424,0.0218068535825545,0.0052865099594071,4.0,0,6,327,56,14,1,runs/kolektor_patches\class_1\10304_267.png
11093,0.8347457627118644,0.2859350850077279,0.1059322033898305,0.0556414219474497,0.0058942184266366,0.6944444444444444,1,197,185,25,36,2,runs/kolektor_patches\class_3\11093_268.png
12050,0.1521739130434782,0.0079744816586921,0.1956521739130435,0.1164274322169059,0.0227792802163511,0.6164383561643836,1,35,5,45,73,0,runs/kolektor_patches\class_0\12050_269.png
11643,0.7543103448275862,0.722397476340694,0.0732758620689655,0.0157728706624605,0.001155770695094,1.7,0,175,458,17,10,3,runs/kolektor_patches\class_4\11643_270.png
11339,0.3684210526315789,0.440251572327044,0.2675438596491228,0.0314465408805031,0.0084133289197837,3.05,0,84,280,61,20,3,runs/kolektor_patches\class_4\11339_271.png
12028,0.0917030567685589,0.6167192429022083,0.0917030567685589,0.0630914826498422,0.005785681815051,0.525,1,21,391,21,40,1,runs/kolektor_patches\class_1\12028_272.png
10574,0.5412844036697247,0.6164596273291926,0.3302752293577982,0.1909937888198757,0.0630805174083993,0.5853658536585366,1,118,397,72,123,3,runs/kolektor_patches\class_4\10574_273.png
10628,0.0,0.3911671924290221,0.1746724890829694,0.2160883280757097,0.0377446861267615,0.291970802919708,1,0,248,40,137,1,runs/kolektor_patches\class_1\10628_274.png
